proton_flux_pfu,kp_index,x_ray_class,latitude,altitude_fl,hours_since_onset,high_risk
7.790147310043853,0.06992973480434428,0.11416721970522577,64.91047612182118,280,0.0,0
43.72516262131701,3.507727764683416,1.8345100390872988,61.9525751398889,280,0.38153017054064375,0
0.7775714610711628,0.008672757999580782,0.17402169989063404,50.0371271018339,390,0.0,0
3.715008131227213,2.5915587417234436,1.9620240253954222,68.32709973057688,280,0.0,0
4.356622632607898,1.7204801856794965,0.9703112290750197,33.097733893135086,280,0.0,0
0.7007798445797343,0.24128633106394148,0.4129416669326421,38.5754231726642,280,0.0,0
7.464891690738055,0.2005603408918415,0.6765415050444089,5.484809285187797,390,0.0,0
9.89770030176057,2.0480173757445614,0.31709971568157425,20.571362971295688,310,0.0,0
3.4222758579082155,1.1333945086219557,0.6854412278689099,25.947199456291152,310,0.0,0
21.94430077677742,4.818655355528505,9.828127613143472,36.28664694989878,280,0.8658292875324917,0
1.8830409617121762,2.395844425050341,1.9943500871144286,17.566791957306613,390,0.0,0
5.0311495619039,2.170394201315691,1.8469992861691735,31.376416321136062,370,0.0,0
5.458771910357004,2.7405449240989492,1.9589034222227055,20.70679345480937,390,0.0,0
9.108606705728812,1.5649394258534297,1.80924124902834,3.004465873627291,280,0.0,0
87.37370843514672,3.8200894542782047,2.133286313377937,43.51153920892375,310,0.30759011442192985,0
0.4378157297610753,1.3750024351040837,0.28765322965576823,22.743894752921392,350,0.0,0
38.4698175729244,5.051310007367843,4.864433679284916,50.56557107368122,280,0.698401595693379,0
28099.473670625706,8.89257271584192,83.2019713458474,82.55330172794744,410,1.867558054645186,1
25081.955883138166,8.38655756217187,87.50374727757966,60.84811591235763,370,4.435278295283135,1
3.3572959233544135,3.0186742844421746,1.3273799743857213,60.609150229752984,350,0.0,0
3.5419846891207243,1.1442180931727868,1.8882298577178525,69.60207046857101,350,0.0,0
8.34297663214235,0.7624305215925977,0.9602266611146285,40.779933865486406,330,0.0,0
6.754705251622332,3.1159027677620195,0.617728325022678,62.1743586265023,280,0.0,0
1871.3595935823023,6.130921312146499,82.06885966665564,76.45416572439949,410,6.008127813129102,1
4544.409105389091,7.908323022632989,109.96696629262131,67.33549926478355,390,3.254451923783656,1
6.153160713425661,3.472865225596372,1.3582045636915334,12.512972168452432,390,0.0,0
13.41910728344497,4.514372786096876,3.077745951560734,25.176926691299112,350,0.4640660299019084,0
34.92363049571968,4.668279160885024,9.901607620696593,57.96585038908788,330,0.0444070036278168,0
2.620074645501611,2.0632721564121375,1.8422175131373906,27.299104372376284,280,0.0,0
79.53610203790677,4.662479189310956,9.328529760212586,62.124341029874735,280,0.5653950989700408,0
5.205561201006581,3.3607910158303875,1.3001699326018783,5.308331580528147,280,0.0,0
1.3192218095199342,2.5095681546701103,1.062110732024469,40.17062309077049,330,0.0,0
95.38660758916123,4.925759713334387,1.679593421226309,33.498489462357554,310,0.02586240252349814,0
1.586304346038557,0.7086987083559113,0.2468054574819419,60.16855461906884,350,0.0,0
1937.9683904318902,7.2177602360036435,11.804778640015364,56.184785772170414,330,4.274147767982415,1
6.464047647655859,2.420439514875965,0.8600474919903845,33.938129362659,280,0.0,0
7.913169484267829,2.697835986413374,0.8000895862901344,35.98195534378223,370,0.0,0
1.5712696561427197,2.475435179683693,0.2578572719148978,63.50391821198102,330,0.0,0
683.4138216083969,5.207843894401448,11.320076716636112,64.75897540367896,350,4.8867647025557055,1
5.618728327134075,1.8904968331656022,0.4498663547174774,78.09954322725355,390,0.0,0
25.782696033409124,4.022512703221576,7.015797246982155,28.825850883925273,350,0.29360810394156966,0
42.14442462717444,4.57983762120182,2.7914487605658063,54.81423985607662,310,0.8570106695222617,0
94.48165975906805,4.027255438538088,8.427793415446905,56.8475239441723,310,0.2625677124679019,0
71.14785790957337,5.493839144419046,9.454269833854775,24.96869562271349,330,0.7228299157753952,0
89.02813585992637,4.388036036580731,4.356026433608202,58.54669786409511,330,0.6781912179036137,0
2.6665844707344077,2.4218498445739804,0.23393006017814633,5.062690672162962,350,0.0,0
6.206100734907947,3.3236106501527773,0.42343757112621305,21.88852147723873,280,0.0,0
7.069395422302744,2.4005355589908657,0.15942677742213218,49.32620988454792,310,0.0,0
2.041553865838489,1.975036720402853,0.9496780333547168,69.28469721470688,390,0.0,0
4.727015620002333,3.2746237526440947,1.8302616802750828,58.00925510583817,350,0.0,0
76.05874332117402,4.178214104436041,4.806705479160048,49.948429067586055,310,0.312045283300319,0
798.0350200896727,5.168330740795154,9.506936031499505,56.187147781696424,350,6.080190019745552,1
74.63255858473214,4.056116938102302,9.760186653166329,24.630633840063616,350,0.39963307674051896,0
7.646889037956921,3.2987824216193236,1.3414691428069203,43.844768787410615,310,0.0,0
0.4937794117590093,2.5950638230569965,1.9978401567441977,4.8370859140291955,350,0.0,0
5.215405118356896,0.8809872461230128,1.43709957732316,44.039246381996165,310,0.0,0
6.859666114752053,2.6114674450525834,0.5197629382045336,55.256385041704036,350,0.0,0
1.9624431164040477,1.4851775012305402,1.3946401170773366,29.603980842692827,330,0.0,0
8.850468954554293,3.2010973553011657,1.0971107856334943,58.24273931026959,350,0.0,0
25228.496638551984,8.061489394414384,111.67897700565497,67.83824109375713,350,3.9525146171734513,1
42.73933779470583,5.002674679450938,8.056144008612172,60.33263470813649,310,0.6695392826112699,0
16.460636942806204,3.5634343056217754,9.862245413750978,49.5076462729909,310,0.46243391263175293,0
699.6902722472464,5.0674481135493235,9.588933205891298,59.45016054853992,370,4.937504642723198,1
3.4224315340143,0.2658192806682262,1.0609407288105257,73.12484642611612,310,0.0,0
4.562450790146175,2.0875136376179464,0.6706073713337299,71.35105614734533,330,0.0,0
5.903351686355561,0.9375646072704128,1.752727757951994,55.272254471001986,370,0.0,0
1.0344638411920306,1.8964708703908342,0.7215132864402067,57.25033886207342,390,0.0,0
46.95848261728213,4.458270184925825,6.097180405431732,38.96582338340335,350,0.0042259262051046464,0
0.7507031346240907,2.6540484021227297,0.9810387063102478,48.419548865406796,280,0.0,0
44.96649761244078,3.8619052321625866,4.0522600636567745,32.73586947982321,280,0.08919541874744397,0
2.8040536519999697,0.2504757502168313,0.8880330259077521,52.13642643624864,280,0.0,0
6.959237267348946,3.3237238586186244,0.6818931657800091,24.91061954149245,390,0.0,0
8.73984876818006,2.7242616477237585,1.4131508276213045,15.821369732661168,350,0.0,0
39.69351830424382,5.359532999254976,2.972567256879034,55.149069961216085,280,0.705601989461636,0
6.942264398233617,0.8710790485175763,1.8440907530834525,69.2993535806052,350,0.0,0
31681.381924993006,9.0,119.38312325726498,72.88228245487905,390,3.4675069948758326,1
1492.9378940178863,7.099593441522613,11.724944942760407,56.19733588501123,370,3.234207131800221,1
9.485395398551146,1.0326404917378835,0.5904308493341601,15.574535748956073,310,0.0,0
4478.611332449444,8.894687886867814,90.90345989663568,74.10724258600554,370,2.9120933190452583,1
3.2136788811310795,1.9780183944356051,0.7961070943280316,39.09923994691498,280,0.0,0
0.36318661387899376,0.8200346028417329,0.5759671685690907,2.0563017260219407,280,0.0,0
4817.260775713289,7.416011845137608,89.20855963579524,50.3741255617618,410,7.109704938782967,1
4.0067192443634685,2.530268995421724,0.9836936640817822,42.784153054432146,330,0.0,0
57.2876119702884,4.248092122685016,3.0437900316349418,62.84866413781551,330,0.3982735831433897,0
4.916829095917831,2.940878572197341,1.7729974550827057,63.51061490041297,350,0.0,0
7.966508766043413,1.8703245514226372,0.13196928458036697,65.28924812330261,370,0.0,0
9.856441935940607,1.8022890255047044,1.2104950799518308,69.68686878877578,370,0.0,0
1196.0739291542466,5.927504859625049,103.89578116295364,66.6894765899158,410,4.105151980646111,1
6.119962134621468,1.8842067976655463,1.206117429664699,19.598468719212985,350,0.0,0
4.463515714253199,2.5365767645795225,1.9994582170194963,0.44795510913925085,310,0.0,0
9.157947760054796,2.9255975614359984,0.23189140975379455,37.76300980249108,280,0.0,0
3.3484483718594156,3.3466559526877213,0.6085325966137196,9.450098129161884,390,0.0,0
86.0274245422458,4.8757737311869045,7.294318118758409,52.34609353417952,310,0.8725361089699698,0
8.08743926939932,1.8843772153031866,0.7170290212375359,27.951714006591963,330,0.0,0
5030.189981394022,7.411843440300974,96.13417612996513,69.23346967725813,350,3.4917511740101173,1
11912.577237621463,8.508167355812875,99.58008026028833,68.33094161010638,370,2.8626540402928993,1
7.3748600175686745,1.032710316098902,0.3781406748837939,33.89026603214769,330,0.0,0
2137.0565701364562,5.834111266958756,8.976820003063553,72.12671835255536,410,4.686645771523958,1
81.82309811320424,4.0376544377769825,2.2379870581711403,27.30665467308329,330,0.985045875685218,0
36.623379103637845,3.8353824289389142,8.80240451367045,21.59564271270225,310,0.48794448682908387,0
9.768592543321093,2.1648908277611962,1.3974998463024257,51.345057934337675,390,0.0,0
1.228823322479755,0.5516052965096743,0.6156374523675703,46.432546894433614,390,0.0,0
3.351143262100385,1.2049022550062822,0.22071336176113918,20.52933967508336,310,0.0,0
1479.057067249003,6.8069442243540355,117.47629152523815,73.06532100407945,370,6.427173219814835,1
5.834875242788635,0.45508748256266046,1.0168211573664399,70.5110963483867,350,0.0,0
98.83561705452966,5.036634469685565,4.008932760197148,55.50617547034079,310,0.05138024909267702,0
90.84200633703271,4.499914920375219,1.6580065600825433,43.264009503181995,310,0.41640515484129725,0
2911.6258068539987,7.630912007772655,115.28700281315791,75.3846752776474,390,3.425499387522599,1
8.568261867390385,2.9242956310084804,0.24249712966817571,65.38177754226223,390,0.0,0
5.3864900349110165,3.491864065794378,1.2725442976008274,4.890352188807343,390,0.0,0
2487.7188721193647,7.028657538108291,104.0798785411012,70.37515137297726,350,4.143700670972469,1
2206.8123898518393,7.027457630072559,10.979083711267016,63.20505943858604,370,6.498705723398012,1
5.216986182648218,1.362669019570775,1.5402033537533584,36.459258463959536,350,0.0,0
2848.9503009594364,8.981387101253002,98.76020316050689,81.96755371590699,370,1.1206616371484435,1
28608.60220112255,9.0,116.13311487856213,77.20695946718351,410,3.9264224470987594,1
84.7903826432067,5.318000404185491,3.9111708197358004,38.693413151683686,330,0.9701157857825572,0
3.567814665368673,0.04275412020372782,0.43866740598707765,8.687249357725415,390,0.0,0
6.297973099969706,2.8542596457390985,0.7714732552608736,42.59840635641769,310,0.0,0
9.568785728608127,1.8056461368554746,0.14651853878845975,61.78139225659666,370,0.0,0
7.407350314131006,1.665693521301349,0.6904065087752681,26.335493685218722,310,0.0,0
1.061182305491138,1.8824063964930597,0.7373472593035959,59.73843567045734,370,0.0,0
5.137672321180875,3.184780105211115,1.204567484345082,18.05219143293722,330,0.0,0
96.92366264573988,3.617080572542769,1.9857225635386522,42.18329310256148,350,0.934041191993271,0
4478.218355119254,8.276648435888715,112.42078862639188,67.11705820919389,350,2.205595392289499,1
3324.77913728038,7.6875339351098715,81.89490026917959,55.86593764913813,310,1.2795751809397362,1
3.804288997332891,0.4458514260366252,0.40557008838498354,71.08030134318747,390,0.0,0
69.84687544534438,4.747259598086847,2.5090694894814947,60.01635800370879,280,0.5938062065254482,0
26.39448656920515,4.075660592878749,8.202552549808768,61.79179676993467,310,0.13151392675562623,0
3.9010674458096815,2.1135259632842036,1.5706457633856306,0.3156768021755596,370,0.0,0
958.9114022124128,5.6331491821447095,117.07077565955973,69.32779619656982,390,4.782983959061327,1
14.22590492226241,4.354849894545787,5.164409517353416,38.74310159041495,310,0.9922699286723291,0
4.35912092167346,3.3384746148255102,0.92013539539238,2.8311633890382826,330,0.0,0
4.492517658197428,1.9111892336182792,0.4323422102643658,35.23618761730134,390,0.0,0
76.63885659926584,5.390158770742804,2.0257352833662847,21.015979532520316,330,0.5221056390297516,0
3589.892903052441,7.692926590585855,119.49250479828575,54.50598287243004,310,1.1768045814013488,1
2.464880512179782,2.926405246071491,0.5767282948623333,64.03016251860201,370,0.0,0
1.6050630960880143,1.9590299602219226,1.5282800170697448,76.97710844940846,370,0.0,0
98.28171742040132,5.371857422761958,9.437792003312843,48.80235391416364,350,0.7842423529390328,0
7.522024440851203,2.7720813499042056,0.5496842128253349,3.362451314559376,370,0.0,0
3186.734139775654,7.05794534453813,117.97174092037031,64.0287960850763,330,4.668241784004216,1
3.2515242081206215,0.2563609515864299,0.36354444600173763,25.509051959687625,390,0.0,0
6.943520397112164,1.789105368752531,0.4047539296065531,66.09964969595696,280,0.0,0
1.7267305325728681,1.5442542661398337,0.6329959902875298,79.73336305136138,350,0.0,0
4.274515455165923,1.0892808822147833,0.6293714624955276,49.165115303620865,350,0.0,0
8.288195941488699,2.989708773432472,1.625027288646873,45.14826455592993,350,0.0,0
9.10727471275273,1.352308776926324,1.0746134559714713,55.64941559633149,390,0.0,0
4.57610686386919,1.6261090551756272,1.77092582731197,64.65478480303398,390,0.0,0
0.2593196769486408,1.1706201227182655,1.335403320945247,24.21532379815349,370,0.0,0
3.8698980320811462,2.6296332152695574,0.3584521459197223,28.124750957706688,330,0.0,0
928.439416730287,5.397525024554993,103.39010811219747,61.28052610547787,390,4.64217125282371,1
9.501916868689264,2.9616353527074573,0.7738455945070928,70.03505918353932,390,0.0,0
15.580708278882652,4.254938966186314,5.685047867703485,30.380264344516604,310,0.36478674179219917,0
1.6994255102343139,1.0368915738275692,0.88143342997957,60.45572075394019,350,0.0,0
90.65014155158214,5.273469304332336,8.452388455552978,56.11906270979289,330,0.10137508268591866,0
21.250645184123666,4.31670839083866,1.079415332240376,61.36547133362467,350,0.9006451830624952,0
4956.301433913657,8.103402967722552,103.50578288710848,64.70592968536886,350,5.850240236753594,1
4137.056558890989,8.103405957487608,89.82264155237807,60.42551817646776,370,2.9097888034652777,1
1278.0450184552685,7.090075895358309,8.380196790257607,61.16165700024121,370,3.3425826081855776,1
1.9013196140093056,1.1043786106599376,1.5314003665060363,36.26288599745223,330,0.0,0
1570.8832661320062,6.617843900905831,8.95335411744824,60.028749369803535,370,6.165288698629075,1
94.81223974820824,4.976958531212455,4.386453865174753,50.64868828702912,330,0.4667112559064771,0
6.541872825330061,1.7542319673846258,1.8558368330700092,50.83434182328668,330,0.0,0
4.943745812756253,1.1794531660338032,0.8750567293245499,4.027667698917483,330,0.0,0
94.10471768259609,4.955114104709199,5.615405570808347,53.26558836871964,350,0.9842551172899289,0
3.815425598697176,1.025631860514865,0.23862654820425794,27.85569745238903,350,0.0,0
37.71347078648635,3.722770213714133,1.6921749745487302,37.53746740543016,310,0.3648362904106063,0
6.1500015792717235,1.5708223432027615,1.3247501456852337,14.349631365016302,370,0.0,0
57.92513024719456,4.154411697905073,9.287930677637473,53.534421285510504,330,0.9838218411288748,0
85.16548305317606,3.5519551198931216,6.244578610128817,63.582532491323725,310,0.8334933087006338,0
4.300210598858982,0.44758834523310725,0.4569353781412917,9.318449274656793,390,0.0,0
8.012984288819517,0.41957696884835644,1.2574774990603024,28.734755936847336,280,0.0,0
4437.767676348709,7.754573138218134,83.91151989781773,64.68231405693584,330,3.370750545604971,1
1.618854745439356,2.433251880710065,0.33307959226276984,4.1286131977810125,280,0.0,0
2363.8720366207126,5.538941766264187,11.276799517175922,55.927560774244945,350,6.475595112212746,1
98.24228041476306,3.9186286068413794,6.331579052426334,63.31644328317072,350,0.012925955228850206,0
85.49652377238195,5.321549279363195,4.3432452115123015,39.154341826891965,280,0.3051230630941083,0
8.53668445150574,2.207262840826121,0.40580010480486783,14.639114682149499,310,0.0,0
1.9570145164347152,2.9818776246055676,0.9442957090126415,20.10108405651728,280,0.0,0
26785.020738737174,8.548698472313852,84.37129164458233,76.75305628667485,410,3.4265163926233964,1
9.391847308245374,1.8777027134540156,0.26431997286623055,79.34161074021631,280,0.0,0
83.22847450299045,3.5559731184178007,3.3336280842053174,57.52999824177819,330,0.5201954336335173,0
4795.966187493697,6.647071798143325,93.69449733200217,64.08156668231013,350,4.25161403662457,1
9.478321529381638,1.6947472999802256,1.3128459312383594,47.08110212997008,350,0.0,0
8.49723184078239,0.08925547386069255,1.6665548786145605,56.87101461835918,330,0.0,0
2.849768481220944,0.9940203571753805,0.9159044277409034,54.64417736309794,390,0.0,0
3.5817590876172147,3.496640061269436,0.9262798934007668,29.720189906137804,310,0.0,0
4.5454189488552945,2.2935739750255166,0.8365879115956284,41.43934180432764,280,0.0,0
7.932384632258742,0.16577320654750793,1.2097203511224963,56.723490418754984,350,0.0,0
1.6316549552175559,1.113224514880378,1.7671114505111387,16.794745047487574,330,0.0,0
4268.26462068764,6.661254062851924,117.60076043230059,75.8798882860558,390,3.5547174266553845,1
6.596659625061824,0.4063475776554479,0.9747516154767444,16.233582644922684,370,0.0,0
8.930832068876633,0.4541501652531791,0.2745112305520562,77.33900597376608,390,0.0,0
7.195320071406614,1.8562075616379814,0.6219025120935766,23.19253025723806,390,0.0,0
1.4670887100294614,1.1344347511049677,1.0247488748726403,55.88376911373694,390,0.0,0
8.657751376268033,0.9584692752608286,1.860144104912659,64.0860906086274,370,0.0,0
8.846346504654667,2.471854390891364,0.5463965359808327,27.28816315384463,350,0.0,0
3.856759375422978,0.7582593744751759,1.400647706319608,47.54582758298586,370,0.0,0
6054.666886811483,7.492375564055837,115.66709065019656,57.486080194569496,410,7.786893279395726,1
2.0353241082601263,2.317173616210469,0.8403752533674447,1.027699884471538,370,0.0,0
3.2963938916349473,3.3670502733660097,1.7412674055011343,9.202208194429327,310,0.0,0
3.7427703463294337,3.428675883935008,0.70604222590702,10.534140162972605,390,0.0,0
20607.43678939847,7.953279916500163,105.38161059807187,63.43292462378908,350,4.918418545689152,1
7.600147994598639,1.1281190135019765,1.6281259822773915,56.99972882905769,330,0.0,0
13961.298636783875,6.685766134871087,10.08804920546605,54.68416641246771,330,4.518879679709069,1
2325.396712988441,5.770632152270861,11.539396238025441,69.63453257229087,370,3.223689604761354,1
2546.939132227907,7.779269943574801,89.82798971979923,71.30746305267218,390,3.9170305879509044,1
8.154431063564251,1.3404927975927026,1.208637747792195,37.491380507311675,280,0.0,0
5.31767013318612,0.7443614736601072,1.0646468027129354,55.55064110028407,280,0.0,0
4.383854813558047,2.8135895910810573,1.5803631791528603,2.2038097033164927,280,0.0,0
1099.855868247834,7.674641470935852,8.213527730508702,70.91143816110971,370,2.3614290535990126,1
3.2327225627454528,3.0917084474603875,1.6306136008213872,4.876666711828479,350,0.0,0
2461.8010712883074,6.341538262201623,86.51426204970811,72.19167234914322,410,6.066499619663416,1
6.27548929888897,3.2475037891204597,1.4762841802013225,58.339278307453725,390,0.0,0
7.758365226143733,2.152974564959475,1.7699651626006705,77.0703479774817,390,0.0,0
4.6334805949659215,3.115051359559726,0.9132535450052037,61.82369347801349,370,0.0,0
1.6388498738750896,3.2036428469148657,1.3365180268839756,34.72037413207143,310,0.0,0
3055.8273883371526,7.8522124935651245,108.4563739083897,60.18437802875194,330,3.288018802899737,1
0.665388182331113,0.06380875546144271,0.8829991868440394,1.8953820253048992,310,0.0,0
4336.032437058486,7.521156011423294,92.65445829346861,65.77001411121341,370,3.5500620812605055,1
721.5393316044153,5.034600751289275,11.97417198714739,59.58707525971934,350,6.080798457684327,1
8.373869104307957,2.521607034995824,1.832776530385814,50.688302875348874,370,0.0,0
1140.8350784683478,6.066420650809644,102.03635073961613,73.28546924838786,390,2.0531555299945836,1
1.0793317279291639,3.2034702193432705,1.2526891789901502,38.03906702358762,370,0.0,0
63.68293366213149,4.937521563496304,8.052555303680386,38.852037443779494,310,0.09982788181495983,0
0.48733146316425857,2.6479143719066753,0.8550146817052586,30.59585343595346,310,0.0,0
8.299079314784134,0.4500597819382114,1.1495310996929016,3.7443953452376366,370,0.0,0
32.59560136181857,4.683474848915384,3.64942647300719,47.01175165859922,280,0.968678201116461,0
1154.7461912397164,6.3266114846579296,102.44892271560178,68.85369480857103,410,3.043836941538507,1
3881.769367263525,7.6513349987400465,84.34667883217074,53.1377735529405,290,1.4965884957705855,1
2.529880518276671,1.1256781837673606,0.3942423817147882,42.742870571472444,330,0.0,0
2786.1648167566136,8.42779543017228,110.88433596417522,76.98120783978638,410,2.080302599094133,1
1637.3286065040918,8.304391827947077,10.13088910426296,71.32917629267621,390,1.5763112283649234,1
55.28980149401225,3.5045171572000156,9.843802771029923,63.12245929047882,350,0.6057797124538936,0
8.375204418822618,1.831087862605328,1.9978939426334041,11.897151518719857,280,0.0,0
1686.709984551722,7.286891381450028,11.652615001388831,57.467250534794715,350,6.473046435403776,1
7.594297347589228,0.979285260349607,1.4744780560086734,29.92725706069887,280,0.0,0
1.3989538798926748,0.5398526773327494,0.10199874786473746,4.703172925361283,280,0.0,0
2758.3123541710265,7.610588410996111,119.88138631350292,78.79200024307745,370,2.567816875728078,1
7.188539243478134,2.3395524974702075,0.9181588147135847,70.19623318023645,330,0.0,0
3.953851317126534,3.4848443021888835,0.3760176879954674,63.22516077952227,390,0.0,0
1466.211954462649,5.05280710140011,8.002074976662822,59.363166596942634,370,5.069676700559832,1
1547.6937587276097,7.436139986838462,11.121205975637569,59.79369564124541,350,3.7527189469616524,1
1108.251283401953,5.562668013831933,81.06129748824299,67.43459961222385,370,5.704290674138363,1
21639.96359692924,6.743596745358607,8.39569802041929,57.53504563000258,310,4.5562267137429755,1
9.39896282006143,0.0034736241772012066,1.4298524855156771,11.429569483268596,370,0.0,0
0.8100587412395439,1.8154560490311584,0.6248676679644318,35.57239762331165,280,0.0,0
3.3741198246675426,0.1376178406164465,0.46118196632191244,48.87592264975489,280,0.0,0
6.434984972971165,0.9765343119494424,1.5719349267213316,75.54477916153121,370,0.0,0
6.640489503368214,2.629592506111,1.187110275980171,45.6386387843522,280,0.0,0
0.8510588822186387,2.884836311350442,1.8945136270132197,1.0028167742779992,390,0.0,0
14.845198038102293,4.031899000691592,3.341557797012531,43.70365759434304,280,0.32168790885933474,0
6.80320101489835,0.5468443391622484,1.6204720428568484,52.68569298768833,370,0.0,0
3.3220431307962253,0.37100872381980005,0.42633097752999916,4.344822068856589,350,0.0,0
7.494788895308386,0.5396680876637103,1.6606108590225825,72.50505522662328,330,0.0,0
0.7563845286935013,1.4332581790253607,1.2834168351267323,43.91850191480997,350,0.0,0
3143.3354485506525,7.42588208637351,10.607724102319898,68.67490631752325,350,3.9077937641525997,1
68.55923783999461,5.161761767800644,2.617138138416716,57.717920664293494,310,0.916700390761965,0
2.4958632563612277,1.986426002918671,0.9129168379238151,16.848334889047614,310,0.0,0
4.17838446465945,1.7753702136160057,1.4759642333234357,60.35449553815843,350,0.0,0
1932.6571857334634,8.410638227130885,106.25076157309961,70.36162710494696,370,2.103315834028798,1
72.62984602953274,5.292367335943086,9.832575995489002,44.54206744573584,330,0.5301396017304439,0
2.111546534558982,1.8794997844647479,1.1675678862967198,73.83935893243176,280,0.0,0
1.870920718514733,2.775572760105564,1.1437043563240945,59.701858718560494,350,0.0,0
5.367575092864604,0.8626654857919938,1.8710155519052267,8.383815131471613,310,0.0,0
9.696583747950584,0.8749536390997812,1.4793269885077576,53.38362208129596,330,0.0,0
7.480118081480995,1.0236369668229734,0.26425008521073184,44.3559905597222,310,0.0,0
3.415394141109048,0.21634186375100384,1.524232867372088,66.88209628621814,370,0.0,0
5812.086233000018,7.329789743132413,112.33005888257206,53.17138892822715,370,6.581835676280237,1
3.5763081477261935,2.9002674677444835,1.4628903655421681,39.19484799651702,310,0.0,0
1.6893633624490891,2.8242304223697055,1.871696897538542,35.485584013133085,350,0.0,0
4.521909882741204,0.8197898667387152,1.0500688083815153,77.48438487222045,390,0.0,0
4.522729399764391,1.4802065006500615,0.38073154563700407,55.94499005552876,330,0.0,0
4.587394223563578,0.6032852929748656,0.88870411067014,40.46648772452207,370,0.0,0
5.860654909776486,1.5861717726717313,0.6259262460429894,39.96603026867512,370,0.0,0
3.3398854305815835,0.4158963979170909,1.3796915170172641,10.97582466981323,310,0.0,0
19.477600884503133,4.590983291348387,7.021688998844613,50.409369095849364,350,0.7766940733566847,0
8.677885939778315,2.305656462223715,1.6276641789298942,57.93940605815193,370,0.0,0
9.107767009546455,1.2576866188718605,1.9459946373253068,57.74317930445781,310,0.0,0
2854.5871136115247,7.5307695905990535,10.424063282800041,68.6773895377601,370,3.825143138547361,1
2141.055672003917,6.653531546337048,89.85408967132908,71.42070151772239,370,5.372099739011801,1
4027.901441862688,6.753255474400198,86.41248099929032,75.51933157794798,390,3.470258855039267,1
59.04209074468914,4.415565880427039,3.105927484586311,64.64973992604216,310,0.8177579940148323,0
0.17333336184631284,0.6118662956865033,0.9403364937330135,70.0580601333154,310,0.0,0
97.72157841373308,5.21456053269897,4.647425131869422,27.47367735419412,310,0.6128512795604274,0
7.557339199266638,1.3450733068638514,0.9655087217608388,71.38449825854877,350,0.0,0
5.663906871118777,2.058939941117805,1.0001587284799882,61.75377087477119,370,0.0,0
10.775608062079298,3.709611799763115,7.046550836881508,64.56083482348886,350,0.24487064455322083,0
4051.5151226355565,7.414353771994361,100.87505738755425,55.7963632910253,310,2.2287722130703713,1
1.0092974504420467,0.8122816123442573,0.17060525745677863,8.026345427603871,350,0.0,0
9.85109228977334,0.023505244571847994,0.7139435916763947,28.672583400167646,280,0.0,0
0.8716842408525879,1.008697554201975,0.6448710004445601,49.304567684167196,390,0.0,0
7.396881643276729,0.5510666303281706,0.5616731377293563,48.025717603731565,280,0.0,0
7.169414999635632,3.1842774075139815,1.893500458096973,20.332183049520545,280,0.0,0
3649.727309578329,6.449632688422681,115.69950758749306,67.49618618922868,370,5.983615432995256,1
2.0073564737282386,3.412369458483199,1.4205729368388447,34.06932465403413,330,0.0,0
73.75397521153467,5.416849607492935,4.54009593160284,40.559492336817996,280,0.02896093008129841,0
3.122904300477952,2.6470297759620767,1.1539670957114867,42.53251427751083,280,0.0,0
8.699274415997742,2.3823932148289186,1.0013260525315992,50.06746299015891,310,0.0,0
9.139104857750832,2.4291575461515147,1.5500554565509632,49.215163066414725,280,0.0,0
67.23409131437407,5.201467802992609,4.716491772096154,24.092066948464037,330,0.8269822038779814,0
1505.8740385431513,6.550535988650058,11.469694157930334,58.058002287385676,370,6.237832762347052,1
0.1488526598858344,1.726357061606161,0.1804449561574344,12.837173018237715,370,0.0,0
9.50404336818305,2.8623557453545896,0.7485713121623498,28.618534033258783,350,0.0,0
9.582411654775228,0.8493591503425942,0.6323817200889953,56.912467798365796,330,0.0,0
9.54733428312601,0.534846424182726,1.3953997497423318,2.111667902603598,370,0.0,0
45.116730915659616,3.9495822037361425,3.182747772255675,49.498403380014025,280,0.5606707689186775,0
28946.34877266808,7.634366913313062,94.61513852796534,60.67166668847767,350,3.403958075377563,1
1.8030135002674297,0.24608898497559378,0.3720396259234908,30.88268268954331,280,0.0,0
2.9646531256139186,0.6575049186743835,0.48517133366909815,5.411164360245149,330,0.0,0
4.438028948570531,2.3343675724719217,1.0798873438216583,10.403715206789288,330,0.0,0
5.640102160648445,1.2994817062801944,0.29227894726087184,50.14184605401713,370,0.0,0
9.107053854091847,2.8984297591813197,0.9810514818204481,67.66286704820874,310,0.0,0
7.615380567450536,1.7044372880674832,0.8245629130165143,45.957412741708666,350,0.0,0
5282.523747229398,7.517860959175181,116.99849890827782,69.51928790080908,350,3.526038593553496,1
2200.2881322640847,5.523227582346759,9.600245784539021,71.75107613322511,410,3.887885772791953,1
5.175210041552068,2.4920035939121803,0.9106064953534562,1.44054871837632,330,0.0,0
21.439771458524724,3.6852556174839473,9.76270389623221,31.568152162126168,330,0.8456313683196216,0
28.82093090408991,4.32485977923642,6.145006671352307,30.972445371942378,350,0.625251007687842,0
0.8893404777885092,0.08731701547327742,1.5171818083605442,65.46032197230916,330,0.0,0
3480.5178383510765,8.653191885022819,106.91413578739572,77.34759746809046,410,2.4438135590253527,1
12.49667750608992,4.018877071461769,5.595923665420424,36.34571803915401,350,0.465397660104255,0
1858.5298926253822,7.262532147070653,9.082139763640702,58.64192017772054,370,3.6288799604085256,1
21.760724257139124,3.613562068090137,3.339637180524178,29.316152030445163,330,0.3586451523634614,0
2.776934099110096,2.2961666177141247,1.8517322349860976,21.131253086516377,370,0.0,0
2.6218407345108354,1.6591967557473537,1.8339068406248737,56.19596585494277,350,0.0,0
7.16619743573391,1.760483386331606,1.0099449748390097,34.76834272948881,390,0.0,0
7.753006112101643,0.6015427748097305,0.4624458096866618,59.42932674524066,330,0.0,0
81.9949913955813,5.404144758667995,3.8137181877529667,64.30301989809439,280,0.20023182252238636,0
52.06911331276814,3.6802364873516575,8.667412932626458,44.135238637430426,350,0.48759047782809306,0
17.967184444108973,4.796432080542761,3.7022534518407673,41.87797820699753,280,0.49122955123669054,0
22.98449656034152,4.6308713976546905,4.04213348942049,51.2686828794253,350,0.7166430317458448,0
78.42473910051014,3.8685399973336434,2.2455138578470137,41.54367866069244,310,0.3808097056520202,0
95.83638026058657,4.570988188068687,3.402174786678713,45.37221986606955,350,0.11596290016683253,0
4.115070550180147,3.415631072984632,0.3761416513315702,3.556598114910443,330,0.0,0
9.14284313908664,0.18183376315319577,0.7887858754270978,76.70331116365634,350,0.0,0
88.32498391171713,5.475741443489447,6.736597834059422,59.218054493499416,310,0.16253318821690566,0
73.04939299252129,4.5153755594715275,9.498173376182944,62.584194231557774,350,0.02456139491013254,0
9.871276308547188,2.9738002085612445,1.866780633510635,37.76450687712067,390,0.0,0
2.6158732630446293,3.3045097633116307,1.601785209856588,9.057382640564127,350,0.0,0
5.788295312587879,2.9341325695356733,1.332173366969762,70.33806854508526,280,0.0,0
92.79153962878596,4.426030699472659,1.5858797928447383,30.42838388412642,330,0.5811148144739334,0
2.147804153349218,3.2623859093537657,0.6185740808246181,37.19998604028102,350,0.0,0
0.5042797185643129,3.271391297535936,0.9234975354661625,10.634084078159933,390,0.0,0
465.4846199869493,5.015755676288052,11.744707726560783,64.77192729914357,330,3.4727208707670894,1
2.8303393158078194,0.06792152672906127,0.8730833238382218,32.12160661442209,310,0.0,0
997.850489463585,4.965757440357255,8.02189243533851,57.86649712493599,370,7.757527239565079,1
47.78548733695179,3.754515236569453,2.39216004692718,42.88967045852562,280,0.6258339153063843,0
6.815103269788103,0.6025973228902348,0.6200307745060912,67.64159503025822,310,0.0,0
4.218180294517894,3.4461258181032544,1.376829872369215,49.01937253602617,280,0.0,0
2.7159497595897397,2.2889551991289094,1.5550973026337134,69.47995940207012,390,0.0,0
4.494890970234808,0.049331259116495274,1.2349382455517417,79.95915234356687,370,0.0,0
5.320856187911205,1.3683621487490707,0.9352160130725435,3.451278647619187,310,0.0,0
5.57500810545555,0.5535875227821977,1.0616814957171308,17.703303174452145,310,0.0,0
2.5232174141785557,3.240447626071077,0.7581728173513764,2.4533582771223994,350,0.0,0
8.132650551444598,0.8269365204741563,0.5144834506659598,28.676451634604945,350,0.0,0
4.592087653382823,1.0482937159612606,1.5345501172510991,7.867141349791176,310,0.0,0
1159.7295105016012,7.088257999969221,10.744385460421794,55.12302685888603,370,3.908635923683493,1
4.2825970923109065,2.1543084316535293,1.4901782885887995,0.2795984887477676,370,0.0,0
523.546298805969,4.589753235251195,8.309744341041753,62.798698438723115,350,3.8921457858404525,1
1213.3485686368715,7.736744871104396,8.997550303328847,70.71232651742773,410,1.8325248514063845,1
3.5438263437154736,0.9224238193694669,0.8909956285904205,45.273192943932415,330,0.0,0
3.7218017422962255,1.7443109145762912,0.10175960278966935,9.13475232516161,310,0.0,0
2.6747500448653687,2.8935022186076536,0.47077202135837415,79.64209432495535,370,0.0,0
2523.531157782958,6.981591589206044,116.8673993695028,67.9350658043634,350,5.924399977069404,1
0.7316828380581059,1.6951045603991868,1.5736464452305994,52.724738624204264,310,0.0,0
35.164812832692455,5.062066815104845,7.01615005934241,62.78653294659574,330,0.3455819525117757,0
4.891203354412572,2.3848045100783466,1.4036456890052873,54.32080225356158,280,0.0,0
90.26872713533308,4.939423895234654,5.860725114595097,30.68009816358674,310,0.31058823786894907,0
2.355010909761925,2.823920565166593,1.36512204207679,79.28853795436785,310,0.0,0
0.1097019404785838,1.2427102477825862,1.3803931933745106,30.323765666552536,280,0.0,0
6.289959713278915,2.680086876302713,0.7521972643527286,39.39998789424742,370,0.0,0
6.244132936236234,2.2678718156352593,1.3982255675840884,60.688071771700756,370,0.0,0
6.80167790647395,0.7704587808158322,0.5320427966834123,57.57503048516834,310,0.0,0
6.10190542668118,1.4091456109620735,0.4622212375513858,25.802913755108676,280,0.0,0
0.5209847482813168,0.5469589199097773,0.4879584153198079,41.09588947759414,310,0.0,0
80.61245052352744,3.8406741407551808,4.0841291659339305,60.926077816827075,280,0.4783243858342251,0
2.837677159498546,2.4644161162410336,0.4548178135726004,68.05525055585251,280,0.0,0
3.678810089606459,1.2931486616343848,0.8712943552271424,13.866143703676448,390,0.0,0
26.75205809877362,4.096069095093814,5.387656245090634,35.47189479803646,310,0.06592138901565692,0
2467.4683693000798,5.702522407924186,10.168316139802878,70.01391101243432,410,4.220120965774347,1
94.28857512833714,4.58389246438673,7.835397372716747,22.58296066192518,330,0.7841972543429255,0
2.699091869903147,2.158236259885828,0.38748486080290123,66.85066072426596,280,0.0,0
0.14760191021733457,2.421578808834322,1.974521144251973,6.872712395996681,280,0.0,0
3.4181961434659778,0.9712889180190531,0.9485041853347566,13.544022561556055,350,0.0,0
4.963629679726512,1.5372426273197157,1.3133232730280289,17.87556933838711,330,0.0,0
6.0036204802961874,0.21659916958951758,0.18538866666749343,3.769993327645791,280,0.0,0
18215.014681555134,8.162743486104958,110.91749552541134,73.55491541790586,370,2.5085269675083146,1
2.273868361311843,2.963918212538961,1.1877301939986822,72.44741193942124,350,0.0,0
9.772056895798167,1.779204569433868,0.9951833567635733,58.656368885500484,280,0.0,0
70.79381750304242,3.929638729450991,1.5703118204565598,25.788250960458033,350,0.4764022856128862,0
0.5474903972797203,1.4808023520511466,1.8659082695877558,63.6813113673276,310,0.0,0
5107.1257701280465,8.432933458453505,88.15442509318176,69.28541728942453,390,4.6656741093230245,1
7.623078120447667,2.997736003155571,1.414787396134377,31.420151457696264,310,0.0,0
5.193585865019262,1.9622849425520887,0.2556477799521226,3.6749597685378266,330,0.0,0
2.7195367543438507,0.1146503059229334,0.45899692587815866,13.731001010307944,390,0.0,0
11.739947476224598,3.586663506921001,2.804447371925403,20.650885157088776,350,0.7439554407717219,0
1.6121764434823078,0.6401611439533883,0.31416052602293404,41.673594681379086,310,0.0,0
4653.979697859509,8.648183729667135,111.2702819029578,77.28169863508873,390,2.27587348849329,1
4957.6987336232105,6.950061094624437,93.70854571019824,61.772355012492724,330,5.6920151226158175,1
1.3629985657706567,2.450035539235984,0.941536719915847,14.243863620604351,310,0.0,0
989.058130817303,5.0643926803591786,11.92857718527138,56.07211430494072,370,6.739968735694395,1
4.374136941961233,3.2814784057053146,0.3021232336908384,6.401554042128765,370,0.0,0
7.9970062212360995,0.9793907143817553,1.2803430386059607,29.15075247176346,370,0.0,0
0.2157290641542452,1.8150320732297374,1.2116306365764227,75.74294892117224,370,0.0,0
0.8363661977355239,2.1290526493997772,1.1556675988116687,77.08170912473412,330,0.0,0
6.350342393318862,1.7398173163230934,1.5894604179272158,67.0533627287517,280,0.0,0
8.00270754219961,3.382039105411466,1.029782473584437,37.999796057149915,390,0.0,0
23.712401690258403,3.793174782041522,9.759940516488387,54.77727064381333,280,0.6770987190248167,0
6.533197437048583,1.79137836116665,1.9238905967543574,71.86738449619432,310,0.0,0
2.379019548996023,1.1888186233150395,1.3510235097482242,41.7189690255349,310,0.0,0
0.7882870346896916,3.2899390779674738,1.4020989605965604,40.75988841102198,330,0.0,0
45.823134204603235,4.135542885079007,2.894437807945351,49.39605547815894,280,0.11093313244822389,0
748.4411680016434,5.151669467934994,11.485636346964856,56.342344339667285,350,6.862152715275877,1
54.226016370378744,3.8905749589462744,9.391726572807993,34.77926465546387,280,0.7630329334713912,0
6.1133332634598565,1.496002167969763,0.47947464433996245,40.55257467777653,390,0.0,0
8.226367183790568,1.5330937344475601,0.12328792354355168,37.763115684259546,280,0.0,0
3.199498696412749,3.0385418928517374,1.8673456646150641,19.734548594532953,350,0.0,0
1374.4364903925452,6.494600223974453,84.95752217763511,69.38466443715743,410,6.494221745374822,1
8.858682661419467,0.299451743564376,1.8206730544282268,51.33165431293062,280,0.0,0
4.538127623977776,2.3313484374865032,0.7857153076334376,6.78702476651555,280,0.0,0
1.313668083045034,1.0746817058687803,0.2333041890218987,48.59083627435979,280,0.0,0
5.844527693655525,3.202984413107847,1.395419456026575,67.42098278816142,390,0.0,0
1.05593812637523,2.1504962319335807,1.8637835528845352,3.7317523406890185,350,0.0,0
3.182899376551257,0.31560191771321905,0.17765298056618123,46.76905697726702,370,0.0,0
3.256389941701154,2.661035258306028,1.2397937087868605,22.355197817557872,280,0.0,0
4.863243445696556,2.7379937322624577,0.5138168369185983,4.252893738778214,310,0.0,0
0.6297322538622722,0.2672663121541323,0.9350153564998954,59.99377292006068,330,0.0,0
0.6225858323467384,1.4596850918865176,1.200130608601338,12.447644566739617,330,0.0,0
4.0871872260301,0.700947905315501,0.6481359459697006,18.01938421596896,350,0.0,0
37.1757894813575,4.885705909792517,3.77474326070569,36.132753226205814,330,0.621348440670931,0
4913.784413606419,6.1290300571820415,86.09306840630303,66.3228281303021,350,5.84370490030999,1
7.547278696422085,2.066880930050032,0.682057850637641,2.885016755178036,310,0.0,0
4153.404107202432,7.441538856738099,84.82621349774746,75.9612208242363,410,2.529079622302622,1
4986.974193565732,7.264597605346158,97.19828199600191,64.32515593242366,370,4.5515821728741805,1
7.458196067677333,0.9808053807899824,1.312592803300789,68.42493342995213,350,0.0,0
24.304875942814682,4.022620230912726,7.901633736171601,32.80626124722303,350,0.9813953859016705,0
1547.3133424313985,6.774134393688608,9.01891340046987,56.35038096056236,330,5.804095596314139,1
91.34925444785029,4.6945617415509675,8.212219412645648,55.41410523639915,330,0.4045058991667553,0
2.9255219645425936,0.4361358892783922,0.7144965901255352,7.996377536904218,370,0.0,0
63.229125260952,4.466894423547557,5.680443807946795,47.047264154094854,350,0.24528369081210477,0
6.3947106343810445,3.179209864395587,1.8871608965183613,19.252278045261157,310,0.0,0
69.44516751166455,3.7706512852305236,5.470229210096378,37.93453054100071,280,0.0538254024416116,0
7.3599892700307095,3.33525076719105,0.1485104905630556,42.2253121617,350,0.0,0
8.062660134430056,0.3056893527512421,0.5170578868018518,67.09039866918822,330,0.0,0
4.3824950254522275,1.898904248666342,0.6727771691772322,65.27448497593996,350,0.0,0
9.051134844308594,0.33419194185726125,0.9035212752803045,16.94675691668091,330,0.0,0
6.531050551429006,0.8957867865826032,1.103161729878346,4.6044828755163625,330,0.0,0
4924.640073855307,7.632355050766301,117.1665052908428,62.81004811353773,330,1.0846922279974096,1
17.754508772198417,5.460764203119548,4.100465968710434,58.94824728460105,280,0.4298830902215557,0
4.6792790053448785,2.197132335268081,1.758330510791256,25.427202698731904,390,0.0,0
4.827284845365321,1.156112600213988,0.6672302726290651,66.58267879286473,330,0.0,0
17.051780521619413,4.839600190361944,2.4093644456849854,55.65141186578374,280,0.5240088946187819,0
18.590602118202387,4.466798055775869,4.719097071330164,62.46625242462116,280,0.45151706022933247,0
3908.007491074453,7.452249715845683,99.28123038345402,76.5320552490519,390,2.3271537554202197,1
5.52362742489244,2.5557480730070585,1.9322157650812395,73.33118881915644,370,0.0,0
7.4294357010521175,2.0606977404635023,1.1833667735279825,25.654420838601546,390,0.0,0
7.233232741585515,0.45197716094371143,1.8449528016415697,52.767228549697485,390,0.0,0
9.877140444918632,2.8209670383493832,0.2360158740886404,9.328323645481325,370,0.0,0
2397.9184915007227,7.269242581298221,109.33865771199342,63.3214908780285,330,4.308566250826952,1
5.420828716569592,3.028142091757564,1.0317569927933037,42.22562582457123,330,0.0,0
17.05054004550567,4.202885229065732,6.443421022685433,53.69653108479026,310,0.7302902679829161,0
10.860011784662092,5.445616107138115,3.3323186413918457,26.307129542507887,310,0.6786456021965513,0
33.00987904439026,3.821537409205188,1.2084415707940215,37.02744205635807,280,0.34255470441643976,0
8.682237162439435,3.356856433243372,0.4199403324262143,73.47389868895372,350,0.0,0
28.34211492367625,3.89024011090745,4.591850497949469,51.243901998329704,330,0.04984354403454139,0
6.9970214064942,1.9667932326041222,1.8342001122441398,30.460237975570294,370,0.0,0
1928.2652070829547,5.740226276149003,10.579276777437162,65.89320136102334,370,4.1719227481921095,1
5041.157637251121,8.02271207313386,83.60191443102568,70.2235935059645,350,4.923754460502774,1
4942.9231452692675,8.378309822373415,110.8309285466148,78.40476692170755,370,1.365617540861953,1
3.7086773852340356,3.0980700682184437,0.6237643241956158,79.3966967820011,370,0.0,0
0.43200239239705385,1.0823740421765464,1.6480731621845641,43.6841796860347,280,0.0,0
8.164771596492352,0.7754547478507561,1.230909808181634,77.79697476282975,330,0.0,0
7.877991717712984,0.35283982230623023,0.5609882001986835,54.88380037180386,370,0.0,0
9.196738751499218,3.332702538931192,1.5933369607561914,26.59558632260266,390,0.0,0
36.55134909681458,3.9294438851712674,1.3288797917160982,41.50688977804069,310,0.9497451427295122,0
3.7777257689962425,0.1658448183615951,1.5733064600780813,9.508639165618398,390,0.0,0
1.017112864316053,1.1281857048281547,1.7787476718775526,51.22724968995872,350,0.0,0
4.4833017317010375,0.1087946300281063,0.8827519756227769,0.43358398545583654,370,0.0,0
0.6767156658578315,2.3516065501792216,1.0384285119933583,14.618214523048731,280,0.0,0
8.6735383182906,2.56311690430373,0.7710568764698256,64.37668708649495,390,0.0,0
1873.0590772113512,5.718856608794632,11.264224067011323,71.60569919294376,370,3.335399039355562,1
3.797362022801359,1.3349357994101587,0.9074652342204336,72.63561972354057,350,0.0,0
29.232057912010212,3.900965379760062,4.523629735721181,35.38564876142104,280,0.6092001599261084,0
13.279787114294729,4.518949370258509,1.9183869862717073,21.150189498594322,350,0.39298690475093867,0
8.596654888394657,2.9401995298266557,0.14925983337279386,70.4677224648458,310,0.0,0
7.106258168382671,2.1688707674750116,0.36864751334775536,21.35774282769387,390,0.0,0
0.49147536305273964,0.31625606845496285,1.5567330161213435,2.2456009531165577,350,0.0,0
5.5506649086183355,3.23501415793363,1.3880168116168772,54.46580739945663,310,0.0,0
7.137010899015655,2.372799806523791,1.2190758520803708,42.26938563009776,330,0.0,0
40.24347590785308,4.809870653684712,2.1417950602165376,45.04978583130108,280,0.7413169360240989,0
9.21982385459366,0.5339796163933455,1.4673996033065826,10.91693041710787,350,0.0,0
66.41536179762824,4.727891726276901,7.164427934112042,21.78322676562871,310,0.3923084907075046,0
6.63496619976641,1.8874659378875385,0.9314625922445965,10.932157606238118,330,0.0,0
1.3144737489844467,3.0228871379765456,0.7503985118704511,3.4673821633011137,280,0.0,0
0.6754430801714671,2.3059615196569916,0.6210532872281431,8.331441015762024,350,0.0,0
1.0851156138837426,1.3856943766424579,1.2847927806351005,15.639463595611725,390,0.0,0
2325.5590466122885,6.593807824007725,9.649499657188898,63.75539044527236,330,6.575585701277745,1
1289.8169857507614,7.639768410953957,9.911509096094983,69.16889368594885,390,1.735023620230256,1
0.777553992167922,2.1350857795571923,1.990126506724746,72.58094326790625,330,0.0,0
1.0481784039387412,1.46933696369525,1.0511530304026462,63.93731042009441,370,0.0,0
2.877962392384904,1.6924249385076013,1.7629594375027544,62.62861733163402,370,0.0,0
6.041256070611387,0.07128965789532182,1.15416826071548,46.0012033254803,370,0.0,0
88.82185054787082,3.5905704501832734,9.383991940185805,44.77932774471812,350,0.8348396761435622,0
3980.917436474462,7.017836783976987,8.43657598706294,68.29428614882737,370,4.5936341766503235,1
28466.28865491298,8.65067297381324,87.23706608923473,84.07103622156215,410,1.4657045698874125,1
3805.7201468214057,8.215495141812701,109.80815371124044,74.3115516918471,390,2.2536499655684175,1
8.094483393635054,0.764439665918411,0.5856927135412704,41.03372620442688,280,0.0,0
3983.1044040175943,7.676666981327162,112.9766217073397,69.25686668736725,330,2.4026966381054304,1
25381.83234747279,8.990197542401587,103.45780692059184,79.93289975850666,370,1.168230669113764,1
8.675978991202433,2.19385682645606,0.818914428130205,31.082842436502567,350,0.0,0
3.877059468125929,0.6498019346607962,0.7922784355368407,7.293562842620194,350,0.0,0
90.79860567466471,4.40337099161149,2.147473818699045,62.385616905380886,330,0.7609305521970262,0
20731.922493295162,9.0,97.92829313027485,78.07535072420787,390,2.1969543831154734,1
68.12809541230075,4.699735689655157,2.465625277582937,52.81684756241296,310,0.6081100718065884,0
2.582414486915309,3.203889279813712,1.1464418951860682,29.841181366218727,330,0.0,0
47.62104888546108,5.362304670932927,9.676809771936991,46.38808799920699,280,0.23972203122544422,0
0.2214926963748004,0.13618787270975224,0.6223702147437252,45.75686702465109,310,0.0,0
44.62520069561756,5.038223413635141,7.73842679711049,62.38835698648428,280,0.47816945763584906,0
7.556220635147829,0.24727750519888708,0.4104914973264996,18.378522129023498,280,0.0,0
7.958686968209333,2.724059081628715,0.22226306613236577,9.791610838094336,280,0.0,0
4.697507682326745,3.1046365711569344,0.8255632831207645,9.156215773591185,310,0.0,0
38.71493635660389,3.6878727931841824,7.508445346493655,46.79926899169743,280,0.42073228359688086,0
3.331896719604724,2.4887427389217827,1.2625997805499312,53.84210109694617,330,0.0,0
2820.7657078539905,7.79535902534409,98.34192327194205,74.42314127067893,370,3.8368837910311084,1
2.0402113148856897,1.5600643217590648,0.7395533637744819,14.112181988353196,310,0.0,0
6.933366500669062,0.9597084080268996,0.8695507803518578,70.1926262152911,390,0.0,0
7.621572676612804,2.506349897305615,1.0004750067755483,57.802305786659275,280,0.0,0
8.533522841681595,1.973320643062044,1.241613815173356,78.47847528126513,350,0.0,0
1.1206846392681418,1.2117505937638202,0.3318283705393925,55.68327691392744,370,0.0,0
8.744361552493423,2.8451687169351634,1.2450172394189916,2.5863092675866195,280,0.0,0
7.435441775552335,1.9214232328531105,0.3687194472491393,43.651269921137796,280,0.0,0
0.97150168189277,1.4490965374632678,0.3398587294759361,40.700870577534374,330,0.0,0
11.752797470278448,4.825376478206544,9.234451105934973,35.73190604259675,350,0.36447505977699735,0
55.5414933412558,4.906111134101058,8.187501215280717,38.00247346493218,330,0.8633361740209837,0
96.40410583728506,4.5564812538413175,8.36795371278392,36.23743465032133,280,0.0655276337648002,0
60.9463538600624,4.0533281285329705,6.899996011499794,23.141274471705376,310,0.6590916729709847,0
2.3079139200668672,2.4670571379024158,1.6519581282102924,31.661344792461612,310,0.0,0
3.346260391051016,0.7406090350878938,1.9062328703829776,77.51299868178285,370,0.0,0
9.199556515561826,2.235558195140833,0.5489511928822346,49.09710533807353,370,0.0,0
6.899821475248213,0.0577194064217747,1.5005883187626758,7.711478997603551,330,0.0,0
9.711423185501852,0.1917093758665263,1.8417206483621646,61.58031635713914,370,0.0,0
2251.288796355793,7.484185264948,9.408202696956954,61.38223552926337,370,5.947865475276156,1
733.1622457007365,5.857369623502054,90.59228709286319,71.10485067341789,390,3.776730906125681,1
86.13359837769333,3.903111855342681,3.0926136960670494,53.567110276480165,310,0.8721677122609289,0
1.5758858245051865,2.4679408109972765,0.6424670842117908,37.86888105579723,280,0.0,0
9.231587271619237,0.23921761638469585,1.2894928667662784,30.153371876444133,280,0.0,0
6.69861741253916,2.6492771757989573,1.0299168085909853,48.511542440721726,350,0.0,0
5.479754420406061,0.8932311485967859,0.5586791259526961,60.85017856888931,350,0.0,0
13194.481750288835,8.397302199754094,115.21521200510769,60.36200413111375,330,5.546374383001753,1
7.417970805412858,2.982627182526077,0.6574128283047934,59.50795144800171,370,0.0,0
0.8773056119781928,2.598712518694678,1.8722175444141704,59.19157049852188,350,0.0,0
0.5992520722296183,0.18131790473955706,0.45630974848719585,29.469686607481158,330,0.0,0
5.050503269615737,2.0960042953512343,1.937199563406368,19.184843544302367,280,0.0,0
79.0999972472105,4.321242317568632,5.963249082624781,59.61931741021869,350,0.5146263262136441,0
37.96082845977514,4.1750924933879165,8.30770589879635,64.45523781030681,280,0.036189577620575064,0
5.247775003012296,0.15051137759017874,1.49363251530688,56.51917748805506,370,0.0,0
51.01626199008611,3.9844568219463206,9.621751972076462,22.217948587357462,310,0.9623798836359191,0
4.394735899458221,0.8320003137984204,1.8022166841541798,22.30887665905616,370,0.0,0
9.58548596853693,1.3829037712223373,0.9572580465137116,41.60410228967582,330,0.0,0
4687.674516016502,7.608657103262263,89.00710664422182,74.93004978959631,370,3.9896484272417356,1
52.46432328445719,4.846440054166836,5.802494671611144,23.552285406644202,280,0.9176136326323495,0
3.014637199117084,1.8001176659013918,0.5672625361193584,58.75470641430646,280,0.0,0
2.27303227884357,1.2792615437747505,0.5072563302007879,37.260110537205904,370,0.0,0
90.25409619879267,4.375578932676943,7.531475257903185,22.85410696865021,280,0.7877559236206,0
47.14290757543274,5.180168745296265,5.029388238275985,40.17629723711429,280,0.34701928908284685,0
7.053672358692565,2.815021530568406,1.4335752687877235,55.14694884703143,350,0.0,0
5.664551576472564,2.4628033529946394,1.830873095045828,28.721026571503874,310,0.0,0
12.14049233492114,4.9169602374253065,2.7514756072337825,62.694766122646456,350,0.7750697780899174,0
9.811802431149589,3.0339472184485654,1.0608940056502754,9.07452090927996,350,0.0,0
1.8104638899425256,1.0862690695075203,0.5091786182108685,19.42407441962218,310,0.0,0
32.674657509356294,5.430268796560018,4.535732366712827,51.95861276604968,310,0.6495672790822176,0
6.933281885933305,1.3665627863893595,0.34928942535997404,77.3180992550707,390,0.0,0
9.62554455847735,2.3656849713544768,0.4742362663230063,48.19855983628034,280,0.0,0
0.9972863768315754,1.608415029416126,1.304948109250849,45.47499291005748,370,0.0,0
4.661899972256763,2.9907140772793355,1.4068904138660463,69.07935340505743,390,0.0,0
4.217595974341458,0.6237239976816293,0.549699606835547,10.34008711580956,280,0.0,0
4.534012301380629,0.5711235497245026,1.1599846891495138,46.24486105493539,350,0.0,0
68.89658137231524,4.158824432223536,9.40700277138692,34.50449262478649,330,0.997297276487744,0
4387.088675991767,7.675180567856003,94.30730526103896,71.78404926086678,410,2.2948519069711715,1
14.053276565579626,3.601914050774825,4.538019547082703,25.734384242234235,310,0.11305264603250542,0
4224.772522463764,7.812214272922079,118.77834334902349,67.33124474559546,330,2.34961477246601,1
38.61876073542358,4.225412718359781,2.927688637937527,35.75805581125403,330,0.10231292508304923,0
1133.8682812872319,5.38909671152208,88.58155890240575,65.62672410574858,410,4.514844724690743,1
6.45429731499294,1.9515950689390924,1.9643982764135786,76.18374382125052,330,0.0,0
29.683366309450108,3.957693001615536,5.897471568842345,38.90133826324184,280,0.9919005404759226,0
6.408656561157876,0.21290453625476502,0.9797889328299033,62.62684431634429,310,0.0,0
1880.9992056713775,5.3215456822409,10.995283118668219,63.01389433842723,330,6.786062039072606,1
2.21259296123614,2.447447831548783,0.3701534247285517,11.960380192930007,280,0.0,0
4.838414081836074,1.1203666806029142,0.7588297466960193,28.224754898228763,350,0.0,0
1903.9721340438064,8.416348019538178,9.923641713200315,68.28361205004688,390,2.6971209775472493,1
4.89196005037389,2.084405325508785,0.7324769882866884,12.587563105479624,330,0.0,0
3.486262519542172,0.5495396345312715,0.6469366609324868,78.33841714039798,390,0.0,0
3784.3181313129394,7.845699400646972,100.80287649045951,61.42731968806472,330,1.892778984287419,1
7.025620028869614,0.4986032529949442,0.7008421493538467,3.5316119113845623,330,0.0,0
8.55296844400159,1.3721486165164967,1.7043857386525627,60.82202277490787,310,0.0,0
5.939407917163655,2.0766904389398912,0.6473559385777177,19.626269297924537,370,0.0,0
88.23494541206469,4.494572048422013,4.8187393055430325,28.90350383535837,310,0.336467415876727,0
6.4579940581078334,3.3369708702870056,0.23904331210382315,51.152559223328026,330,0.0,0
9.414863444066519,1.1117932728182263,0.8763414584917755,53.44447885493991,370,0.0,0
4.917781276115053,1.4973483327702959,0.15919604057067377,4.475269917956002,390,0.0,0
9.226184619098733,1.5700923280599715,0.13746599362182296,75.42116741502512,370,0.0,0
20815.16683083787,8.901355557553387,115.82539525534787,76.71612808855859,370,3.705562259263825,1
49.49736103966064,3.9386912716379534,2.412688880339612,29.35874314129139,350,0.7926674342344233,0
3.2601405221014215,2.802495407440844,0.19411638992706404,6.788318994656413,280,0.0,0
5.332275200679255,1.8319834674571234,0.5757155380806639,72.30897567808175,310,0.0,0
0.6941812734561702,0.09920319699989466,0.6222664455875359,72.05453598097944,350,0.0,0
3039.9699754165335,8.111543605977069,82.18001259965183,76.16308969927533,370,2.0847011031603344,1
6.153070353665962,1.681959617796214,0.9417987987808594,39.58788492721253,390,0.0,0
2.3125969018494095,0.48144721622623965,0.563023833042181,61.013668683801,350,0.0,0
1741.8807446920587,6.8526227190394495,102.87802502564811,69.13830821277998,370,5.685300592067281,1
20.596454577024623,5.455495735286592,6.167231261304594,25.012239028367965,350,0.4976668273419682,0
2991.570626238263,7.301342632514718,103.12068863230168,66.99775944589067,330,5.881188819391037,1
58.804470971820095,4.1957336511881085,3.55041338878058,56.939001114031136,280,0.48037001564411563,0
2083.5518918452162,6.940962631798037,109.71625239432328,65.37062076984664,350,5.659499820249823,1
8.788267553929527,0.3703508468963898,1.8182796301741182,75.42326113021298,350,0.0,0
75.46531810437166,4.818194010048748,7.5352364476876765,42.09409272522258,280,0.9093386891220844,0
6.700434404307388,2.761997139541242,0.17194562162194363,56.164404994286635,330,0.0,0
5.519527462175177,0.9559662441233574,1.7701073811251669,42.52641687978518,310,0.0,0
6.177437243162365,1.48999383311421,0.7312042796832584,3.417911726434335,280,0.0,0
9.6037614725439,0.9623980584299077,0.5588292151814086,53.495581027473555,390,0.0,0
9.385431841438892,3.124471275487066,1.5694206474631196,41.27123203554668,390,0.0,0
5.965579192624008,1.2260424478706773,1.1077591248951573,17.68916029687623,390,0.0,0
4772.614118345778,8.389899007072332,92.5739177051962,71.01661634009376,410,2.536170209641102,1
6.018657716790541,2.555930167980163,0.9408024163892423,78.31810069203284,390,0.0,0
50.12772130592039,4.884367797287986,6.807533749849697,55.66126995014497,330,0.21117692001284516,0
6.38126758682719,0.10668318193627291,0.5303606056692335,36.2006718875623,390,0.0,0
22.96905879427071,4.7739807629887,5.729127867545529,55.32323888542976,280,0.17172211729323095,0
1.4111069708197836,0.17052849363454675,1.5441363849327265,43.95741994719553,330,0.0,0
9.396735385578683,2.2841981719945688,1.2314494412292243,61.8640006407517,350,0.0,0
38.42782160541663,4.089312177710816,7.048208018914768,49.77361406857318,330,0.9584778140934557,0
0.687910178936413,2.272231593036721,0.4666514393589033,56.45904433937861,390,0.0,0
5.838916862362682,3.3330006764261144,0.39641586087226843,55.02614635009807,370,0.0,0
8.202393314536012,2.7977410126999858,1.3928190160756668,13.906131930760361,350,0.0,0
93.24603388438138,4.654274880901926,7.877227595878185,59.588169619592655,330,0.6647586690232183,0
33.52414645745756,4.1687790016410435,6.241331366362494,20.822804348162745,350,0.8185173902544616,0
2682.7930459815107,7.11033538879018,104.94185478570984,64.35079792217525,330,5.387080939173439,1
2.787606245137409,1.7921467671220908,0.6352310098473972,34.855172323829834,390,0.0,0
3.9558793250855535,2.511171550897296,0.18820568507748214,15.873667740923327,350,0.0,0
9.359090685051576,1.9069751179131125,1.0560366234412046,17.278331926357026,330,0.0,0
15.676198075004555,4.68229437387383,1.799290781071707,26.10443711160875,350,0.5736506498745382,0
9.489307275774367,1.2180455513487471,0.33364446800089986,8.658434946949454,330,0.0,0
4500.315766242571,7.108129211914592,98.60056527957092,71.00451245245279,370,3.0637721826921362,1
5.547598567782459,2.1794197052461532,1.607797723844052,51.680937917667165,370,0.0,0
2.3790121719420236,0.5777751073073432,0.9846561690131729,32.113467155478325,310,0.0,0
1841.8779675798357,7.278075545781258,92.18818415043324,64.2790321368135,370,5.269258234836526,1
2.2751320641812587,2.563114477587353,0.5521743265019452,9.835572512169701,390,0.0,0
24.283111891195745,4.520574538352725,9.135281333783944,54.34344092342007,350,0.22682343836883356,0
1.7657895077187002,3.0909440871257323,1.1138778744857487,63.75771135323723,370,0.0,0
87.46449688082633,4.2179452275661875,1.951368661180918,46.86323174932491,310,0.37400350811964034,0
1771.8232922462341,8.279477540771328,10.56993310398219,72.78996354578129,410,2.0721360718952746,1
7.06546304321491,0.7054309401103724,0.4982332518208753,16.127160868989048,350,0.0,0
3.303603848394496,1.3332912181702192,0.3703376592575254,19.85375025735153,390,0.0,0
888.8497711386286,6.064095137047223,107.06609530038551,65.66079210919395,370,2.0021349300454947,1
37448.39894921171,8.964973456193652,119.1166791629536,74.1157600219406,410,3.587364301119945,1
15.801416758318133,5.388253890823446,6.1880321774819995,28.686494515232553,350,0.8282757592765515,0
0.6644902937139529,2.800273242170347,0.5656905364365619,10.323913831860523,370,0.0,0
5.733716611871796,1.9681532304621034,1.2308438490592941,51.06774494094323,390,0.0,0
5093.4084403740935,6.990607915511871,101.18982664729992,72.36568013577089,410,2.263509665784135,1
5.813186968242496,1.0039244413805326,0.7918058882597526,37.18968990863128,370,0.0,0
7.587945323528647,3.3836738727471145,1.8833602744691706,42.16176394339003,330,0.0,0
98.79452623041072,3.8000475942196337,8.16505390493536,48.779148458346334,350,0.9412325567607434,0
8045.973171997165,8.908580690707607,107.98828535242997,65.65869961459519,370,5.557501807931589,1
0.43495822709694953,3.4979312388568498,0.7351194822573253,47.836041049580544,310,0.0,0
7.047656286411856,1.4145408746464663,0.7234726804661091,48.57661863905108,350,0.0,0
3846.6494818820433,7.9943145335346175,96.2944955145189,72.68167351291365,370,3.1043254066088544,1
2.7550198551858625,1.639182099771348,0.6752342306667393,48.4781806838472,310,0.0,0
1.0592561461056251,2.0986661482950417,0.8997322289941693,22.951505906585112,310,0.0,0
9.282747008587384,0.23667002670253245,1.7792907485874,9.763823980276332,370,0.0,0
0.787121434033002,2.943305635545728,0.23452089636995188,27.33634362326206,330,0.0,0
6356.915948495882,6.755965090567603,117.44174280195854,51.64607817582018,410,6.089821238784658,1
4.043234655087402,0.6613613447689036,0.6105587824932599,31.060695600996098,330,0.0,0
2.1509180062051194,2.443506244027998,0.20136686645584556,48.55773875736858,310,0.0,0
1823.0703561835194,5.219189216478632,8.833517365740061,62.51490810571396,370,5.17196470022189,1
79.73423155242052,4.034434326363661,4.774630143678738,24.755281416282333,310,0.5999525126123422,0
2783.3521786794586,7.409796622733234,91.80076834849582,68.6883380538432,330,5.108571171452856,1
2.0579903204496994,0.9241179579646492,1.4866559500212275,54.404868434407575,370,0.0,0
8.986711085334393,0.6176017856011482,1.6751726859281966,79.39065408751513,330,0.0,0
4.608367352051483,2.9728704309795364,1.549681511732767,10.885784946675301,310,0.0,0
0.22733481698360322,1.5118811994337742,0.5741586458504563,34.80689928831342,280,0.0,0
3618.2088618214707,7.820850074067187,101.891313648195,69.60777374562012,410,4.011005638714134,1
5.006476238480443,0.9732591390200804,1.8412231710649223,57.32321552015542,370,0.0,0
22016.09965447285,7.5040076047333395,80.66319207590227,64.93084581930506,330,6.169277668268331,1
5106.094056215624,7.378200523009681,114.06888731010073,55.41699597981131,310,2.853340976162564,1
2301.3218697212214,8.284080948341408,105.45633368431106,75.72413149958638,370,2.2902605093300994,1
1878.8734252387053,7.665531722735278,9.138880329351743,66.53613395192059,390,1.04229603267288,1
0.7617676812969231,2.708474164616502,0.1358180001721113,47.261899891002784,350,0.0,0
21208.3439902477,7.712147407523301,98.79203552699312,62.3349490456283,330,6.756731467621603,1
8.094160228400359,2.877445458664374,0.3599803896075,55.41932002135036,310,0.0,0
0.6949304090987348,2.4824590389978685,0.7309922568979089,67.03837585872542,390,0.0,0
69.74395817206401,4.111325254222086,4.857377802000733,35.46519865781452,330,0.9258630652872155,0
8.016772315121564,0.6833456806038465,1.6400651592245408,71.01688696335883,330,0.0,0
24.03054427718063,4.293347894926804,7.528640593173564,46.94322960326653,280,0.3355978494350508,0
34.63455421374347,4.3519841971473845,1.6970731997869437,20.86475620504754,350,0.636543503385538,0
0.4797630489786088,1.0036036534272625,1.3425489787621696,33.645440802985,310,0.0,0
6312.093555419269,6.841387067381728,82.00426758787735,70.42403676810629,390,3.588914060991769,1
2.318695896031074,0.9008565149311514,0.9311447409498421,33.980615481647206,390,0.0,0
5.733243166153131,2.6898094740964216,0.7023789695279608,5.305025409677997,390,0.0,0
2.9278194682173306,0.2974116359400845,1.596368868825438,7.660948148786737,370,0.0,0
5.290327361402942,0.8917034843413782,0.38641391592457774,38.87756030142442,310,0.0,0
50.81396032499253,4.605091773900638,9.4561748884202,40.16532840411557,350,0.2648087373173338,0
9.016016249871935,1.7709142636889639,1.98127666670595,78.64043992609507,280,0.0,0
3331.6007405283344,8.10656633519543,97.78752112042983,68.42851521231903,390,4.6055045004244315,1
2.7450135707721515,1.2484247987939736,1.810353200699208,37.55561016525117,330,0.0,0
12.75205952020129,3.9899751885977093,8.921394527372591,34.88591987591228,330,0.7650499755829533,0
9.894022357842363,1.468805074833254,1.0129760581567622,23.687033492367835,310,0.0,0
57.01256521010336,4.358888171043411,3.5212454886826587,55.186816510447215,330,0.46451286875006825,0
78.08385891331106,4.769680438032612,5.855503089896583,59.01935669662301,330,0.31566797237617406,0
4.9803832497729355,2.4683402057714328,0.6154207381451834,59.00529289786376,350,0.0,0
5.987887913445278,3.2716500286602264,1.0849232298262408,64.67996127125863,280,0.0,0
1056.563616580948,5.378147424655538,9.497855745795752,51.011061659355846,370,7.621925804479844,1
9.605332453888126,0.08672256306558879,0.48320722523286186,45.53387413910211,390,0.0,0
82.19553516477191,5.416705626300836,9.109077662536373,38.06672049754286,330,0.28245912961270414,0
7.303788353766298,1.865642116752245,0.11111504307985376,21.735659781813624,350,0.0,0
2255.284815749903,7.606362840215535,106.33923073573169,77.29595409085705,410,2.4403157823045993,1
4.266005793524603,0.22390389842895664,1.3512022174164517,5.499064158272917,280,0.0,0
85.37697267458269,5.128262321531255,1.4567371374248768,41.620223642905586,310,0.6424365881650443,0
39.11694281636575,4.274031759574733,7.171768368353937,45.17708396911509,350,0.8885070572621654,0
1992.2096007486482,7.023090499279315,8.75412093549664,62.9523225858271,350,6.443672664467227,1
4.158939711608171,3.266859248957257,0.7216246311042209,50.17007802496984,370,0.0,0
7.431095398982948,3.1107842296350166,1.4813299084099052,36.98202882242256,350,0.0,0
4912.707825434586,7.942404250808522,80.89075282518401,59.01372762811348,290,1.5696151772997788,1
3.031426412831918,2.376759735418578,0.7297813757648614,2.943952032009438,350,0.0,0
73.67887671438996,4.60817849124318,1.1977901104691755,58.17896096009143,280,0.32536877297018474,0
5460.377275374834,6.002308772586742,119.73473993644713,62.80896385964155,370,4.12412621308031,1
56.402838373269425,4.982385051458422,4.280921638843987,60.75132958775594,330,0.35227922962675107,0
0.33281376328042794,1.9967820353095698,0.33645281186186904,58.15205621233454,390,0.0,0
9.148366364527211,2.645572057890583,1.0105052028197032,52.16387865638934,370,0.0,0
0.29855905640056385,2.787633268992399,0.4650170260735015,32.243902613621685,390,0.0,0
95.19250427963122,5.384135467342719,6.2520878971005684,31.91218479602331,280,0.7290707214130405,0
78.64461784470765,3.781974680793321,4.735547214545305,51.21747074419275,330,0.20933121889702866,0
8.473049351736286,0.6335344773456033,1.165636988579137,56.30541936162854,390,0.0,0
3187.460236108014,7.410048786914994,99.17668299223564,68.61814417816014,350,4.380803909031003,1
5.564318268898551,1.5097586100502756,1.153397235147359,9.343346221865403,390,0.0,0
9.210069925670279,2.8762057078062018,0.30370060713426716,18.203909505559047,330,0.0,0
8.131374124466554,1.6774568380368728,1.4896484323723898,35.32982290894644,370,0.0,0
1.3131158449479494,0.4396876594307917,1.3273003847420821,0.8085315545006821,350,0.0,0
1774.4739945147742,6.530723291060234,119.06108265660582,68.86483294755864,370,5.602801273440371,1
6.88047390851785,2.27185559715499,0.6518936354149052,14.181366209355852,390,0.0,0
35094.772799706756,8.840590795591524,99.9526783412594,80.31411041004577,410,1.2099594317921412,1
25960.96351099018,8.409064814422948,101.18168221140289,67.42317949417976,330,4.30687841801899,1
6.8963531586893945,1.2070303109385423,1.242788316831511,2.986780227532666,280,0.0,0
4.9862803762428385,0.7356739941285835,0.9789976070171889,51.285149049216216,370,0.0,0
5384.9079628760055,8.40590221881778,118.82840644784851,65.5032350569764,330,2.1563122797707766,1
25.3535624551466,4.655289893150087,6.1969747820016625,42.64102517560583,280,0.607332955744344,0
6.7825798696573205,3.165772226468065,1.177165455356139,66.10103321020341,370,0.0,0
8.51786924699562,2.649218241766202,1.2339909356458483,1.6507430426037928,280,0.0,0
48.15945338976003,5.058683301960441,8.730714966568037,56.481719772873106,330,0.9282317961023304,0
1556.9635309413272,5.87906877965896,8.384380931887526,56.53525522054614,350,6.0676800265479205,1
5.0704631692961035,0.32290174327380405,0.8501976961312012,46.454213480739234,370,0.0,0
14364.716869138674,8.569212050430677,103.60781531064505,73.4943533308978,390,3.7067389186847333,1
9.2895132388526,3.106884118065005,0.45859185325162877,55.22650090849556,310,0.0,0
8.815158137518692,1.3872594188684708,0.8525119950889438,58.878382721174106,280,0.0,0
9.32539563244842,2.875443314236124,1.3950606118410709,36.14270419503943,350,0.0,0
77.79678287366539,5.174221026810784,9.700248196926434,55.4836017710952,330,0.9279834000554296,0
2.6454740704490423,1.8599986026022455,0.8917319447792136,28.166623570740708,390,0.0,0
1.7946876161159282,1.5050929937593243,1.4896054835532921,12.514306242669218,350,0.0,0
7.509983935482129,1.148248998963294,0.643257402790191,62.172219952560766,370,0.0,0
1.9062380204806024,0.2827011572257356,1.7506169740267135,67.83034742483834,330,0.0,0
75.07358794934494,5.252454221679008,3.411701870111223,31.71306393677861,310,0.7536332808033611,0
1.529156547209664,1.3299943807986203,1.4576489867131561,42.83564168471047,350,0.0,0
7361.155737263039,8.45891577553834,102.74964783811575,68.39796998127657,370,3.3368059235809433,1
33.21215565621412,4.868103082435176,3.17064979202771,34.13606483441198,310,0.6186015773554236,0
4.343382508664176,1.1325070303726674,1.6863943840405988,51.54988225427894,350,0.0,0
3756.84278221656,7.802964628837302,94.77091365363874,69.35997262620553,390,3.8600066947094347,1
3057.729646973408,7.6777086144544695,112.57895504123736,62.35256388415645,330,3.552414726913132,1
1.1363513471228381,2.0615728731857614,0.7059071857969254,52.448526595457224,350,0.0,0
4.277193191164556,1.737955859652656,1.191164847134548,41.100836076135195,350,0.0,0
6.4951590673174024,0.31547943713393345,0.5196697862141263,21.29294546912094,310,0.0,0
6.36704546780717,2.0625069628261983,0.9466400564325245,9.151644592102048,330,0.0,0
37607.81043146943,8.174597476979024,112.58553772471531,69.02553969219232,350,4.575179672458678,1
6.576508320063034,0.5655251853003267,1.983280058474877,76.16253588425798,350,0.0,0
2421.089127688164,7.346063822904735,98.7060980980085,70.6971410509856,390,3.5931434596053826,1
4.122326440843377,0.30708224078922414,1.4612230339362196,69.21922800572017,310,0.0,0
7.0030894139790325,0.565427542579178,0.8690121724754074,34.60627439665234,310,0.0,0
1.1382350985114233,1.9871464089441693,1.024081004206576,32.92686582651764,310,0.0,0
88.69469369928538,4.745718340043865,3.7524624009834406,29.450297351550212,330,0.31350960638467396,0
1.5350745106583998,1.663667079841586,0.37660711499424815,29.40066760426518,350,0.0,0
2.6253334944753735,1.1909037416243529,0.8299952060885364,12.794207349474505,390,0.0,0
1.0499585095352744,1.3545599046846426,0.5926411217254953,22.481008600122276,350,0.0,0
1595.4341416462905,5.175346511453922,11.292430491227599,58.98506623474212,330,6.980776914720964,1
2.353490574622598,0.28504868434286257,1.110379802240758,45.64304117480593,280,0.0,0
13984.853144230578,7.2436003651076515,8.092560378327786,59.7922463370728,330,5.438625067381647,1
4.966335992042437,0.7916611143072173,0.39209703102879967,19.32067617977144,370,0.0,0
4.780957941815114,3.2161840298353144,1.6407076294345244,28.058716139462277,370,0.0,0
3.882028656339506,0.2617353697957227,1.4788459519017123,65.89395918596514,280,0.0,0
5.550940836696911,2.6478055367586935,0.9641062389023946,49.840445766215176,370,0.0,0
9.763091482150912,3.181678569293994,0.6035404810306774,79.54788535576256,280,0.0,0
2497.8937493296426,6.353984376147229,9.288862695291753,68.4454840204134,390,3.9796485121849257,1
35.36971459356616,4.286353374808392,6.419754286589635,59.94247373546619,330,0.34706866674617887,0
9.051649866168027,0.9735679936229382,1.2278650635041344,66.19141297884067,350,0.0,0
7.594615541739957,1.2346070515040268,1.7680361755172131,45.58719105856068,310,0.0,0
33734.625109569795,8.810961509920766,107.5066019666437,82.05406365484012,410,2.281777269172319,1
8.55667847455732,2.28581523206464,1.587867798353686,11.168222862899926,350,0.0,0
2.757151285103886,1.7939351938938692,1.848760898624113,73.4868359255305,390,0.0,0
15766.337489380512,7.0170194868494296,10.96686564207894,57.31135976652796,310,5.139867637283053,1
9.843837955800172,0.09267685456737207,1.949961739029343,72.83298718653005,350,0.0,0
1.313797435067159,1.5847011078948623,0.7304439879896389,30.280527719090422,330,0.0,0
5.8588227515998215,1.682132019724757,0.7106612922707058,1.2317323968455884,370,0.0,0
61.07384724266939,5.394282933632439,5.938775899527438,30.711411181727584,330,0.047174556515114596,0
2.624650743817259,0.4005586163989553,1.957261369844969,1.8957921694987778,330,0.0,0
20.353111925332023,4.162044289660188,6.294348744698535,47.72242742953438,280,0.6306257043096763,0
2.7660428539411606,3.454122708883028,1.7805784759966818,67.18300990849453,350,0.0,0
1.35618431719148,3.4877684087209557,1.1969441058446837,37.33652880656736,310,0.0,0
5.644744149866088,2.9707022977116684,1.9432593713526565,14.381736623592944,310,0.0,0
4.430630522701691,0.39719726585599135,1.9084816525251909,52.09935430261449,370,0.0,0
4094.210568516792,7.488603898519576,112.73231474815452,74.41614632731515,390,2.3057542442526717,1
1.1608445264535991,3.3588842671094445,1.265828481660611,26.07928363324998,280,0.0,0
5.212799299021234,0.07155044099962793,1.7418634859590112,59.57167713612272,350,0.0,0
8.394161566501701,0.7232043911833541,1.9632165227709175,77.33945524102433,280,0.0,0
38.596185306774316,4.8862760693088605,9.682097481451544,55.62987143173362,350,0.0936428045470219,0
1.4393005436325368,1.4650514394408678,1.7181194699638223,52.84542345660085,310,0.0,0
88.13549337168666,3.7357509415139196,3.663249448643305,47.230116709921646,330,0.21623829930287197,0
89.84277611214215,4.582899921109782,6.847678362707123,37.73129510827343,330,0.662162943958549,0
8.114786037589191,2.1852678579102944,0.5254753442153693,21.076450148481804,350,0.0,0
2.4995765224984163,2.033049719527337,1.9975214357887272,40.8350055256621,280,0.0,0
0.21898082903602695,1.297198915269715,1.770315557349613,34.04351744397772,390,0.0,0
3.6202030932238296,1.1550852013703312,0.8604028402355365,8.008434301376841,310,0.0,0
21271.69554520735,8.454457430298659,104.13697817333285,74.84649533617643,370,3.6263186916402255,1
91.12236126589626,4.588218229443373,4.905335861292375,22.888616691512972,310,0.4899805623005431,0
47.236670365051644,4.021471995513429,3.7952234431958694,49.79866201076341,350,0.4270214819009781,0
1.014054872178407,1.1171089011856536,1.3548592531374015,44.52444125767564,370,0.0,0
6.619096862920388,2.1330027897393857,1.7623046808979195,55.674688192173505,350,0.0,0
6.066316530214823,3.416703025253312,1.588485623084554,35.89493748734368,350,0.0,0
8.944401680744603,0.18667124597599632,0.6688036523731676,26.923494070993847,390,0.0,0
7.711549028223045,1.0704303414439849,1.7640516025050177,16.70043911992562,280,0.0,0
2.922987693476979,2.857249754015395,0.508644035497035,31.691739607064015,280,0.0,0
4066.531627210434,7.994077772452378,81.5457723930754,62.079980737084604,370,4.619881472889741,1
92.67569879254926,4.001365979018118,2.9153174518126157,36.27191100383884,310,0.10754330087493946,0
43.587867655043915,3.5856599981873796,2.796508821113747,35.08225621979098,280,0.5713565086274529,0
1703.0607253367468,7.4184000441568605,98.96530700360682,62.25592868204211,330,5.131543800863842,1
2430.7133624279627,7.555198042326825,10.535900446724341,61.05897403750753,330,3.280679194127825,1
98.99795481717479,3.747403963913361,6.106578174067518,34.37270696708158,310,0.16218377829604358,0
45.888477510678456,3.96449231598494,1.9749040681410248,55.90663638312751,350,0.8361254161185249,0
27833.72137589915,7.535842751418163,118.39098089316882,61.03002684130159,370,3.0821581866096937,1
2.9522934540163708,2.2711914088354295,1.3456288571750457,44.228957882815735,310,0.0,0
8.800064421996098,1.836839156632213,0.7912142661128098,27.890113868761503,350,0.0,0
7.915668599721155,3.0843162548509815,0.2054233743961979,59.99864992666555,310,0.0,0
94.24263356441679,5.191089285108008,4.336640917165642,20.51430973541971,330,0.9074523168359061,0
6.0205152111272975,1.9279108276059331,0.49468839720220514,72.78338270634934,370,0.0,0
12360.765793292148,6.981491340326281,11.837329390542433,56.525192007526634,330,4.221384148059232,1
6.3871625927403946,3.274427998587619,0.8887291601629442,23.37880849056119,310,0.0,0
4324.310966093877,7.191921161411085,87.01848986316352,68.11988201510545,370,4.826570367403951,1
3.7894004571823867,1.249904585638165,0.512930424100861,7.109373134419181,310,0.0,0
4.183700210208139,1.0986032970963246,1.2238265807512316,70.68252236984972,310,0.0,0
42.66028497546659,4.920304875771985,2.267855170343008,43.89525501777875,280,0.9280575959855684,0
8.338822471230856,1.9742513662380492,0.5477501155811638,30.9364290809739,370,0.0,0
9.31544384287417,3.0781339945645674,1.0832599643477434,39.804772585324756,280,0.0,0
1.079528186590228,1.663225824842024,0.5646194939284314,70.27061927399843,370,0.0,0
3318.0997371854896,7.702790452609159,106.39944976948456,67.24816822246873,330,3.9062967598250515,1
14.915094095617007,4.675806616036348,7.312610164435378,55.91361969287146,350,0.7268846565116779,0
7.249051861037596,1.9573478004533302,1.3382276419311139,48.75911096716152,280,0.0,0
57.395181497459056,4.912261509460631,9.773014852518873,28.405531800070182,350,0.5971580869048005,0
67.86162333752584,5.175359024015161,4.602416969337331,52.75794650026149,350,0.6522920446308759,0
3.0727088002855467,0.26222593690814067,1.9250078814189389,19.55224347824382,370,0.0,0
0.521156231339609,0.1829870378746305,0.4318996093492189,67.1336700466108,280,0.0,0
6.081991730448038,1.851406329195353,1.3695163060324131,12.249848917468542,310,0.0,0
8.872608354182649,2.400406566683383,1.2906448458063726,54.95186044149892,350,0.0,0
8.118628055747122,1.023183794883947,1.0973519818381987,62.71612641644495,310,0.0,0
1433.400013342564,6.423655120550605,117.20422077000497,72.02412993630938,370,6.942270303604656,1
2425.8646954013225,6.680884430322091,88.67664491223154,63.95187538336974,350,4.001136258517889,1
7.8120231309588135,0.2823813244513276,0.7292386654280516,64.35954839580026,390,0.0,0
31.35360381443907,4.707241525563104,4.729724761823936,33.45309938980644,330,0.7733987622374382,0
9.350681833453447,1.2437755131208321,0.9111705335560389,20.58438119930915,310,0.0,0
5.269939770072392,1.0479402318578355,0.35954836528134515,36.438110275339014,280,0.0,0
6.242307430406174,3.065111057258764,1.1701866516935882,34.351386194374555,280,0.0,0
83.21537445833182,4.288551738334238,2.0748977811307543,57.13461036421869,310,0.7144532360072374,0
67.70814543190069,3.8699661895098045,9.052347695323164,55.66804717521326,330,0.06438513757901276,0
0.8791545183052283,1.8332382927945636,0.7592240481983068,44.477679283214,330,0.0,0
78.38337302069277,3.6110072580742787,4.682262985924363,32.14636188620403,280,0.5785603756088172,0
7.264092756854424,1.3858855608162903,1.2630847638480769,56.35432268400626,390,0.0,0
2762.125534570335,7.182588122216883,82.96282210954826,67.46838842414152,330,4.173422967286398,1
11.927105877851279,3.6670033907731296,3.2455017732994746,64.53253704313391,310,0.9928177527535682,0
2424.2983616852816,7.640439212103641,88.06139901569533,77.8805869501487,410,2.6991272229040675,1
7.562775928634989,2.295835885436401,1.7623082340573397,47.98237247640682,370,0.0,0
7.841078621008759,2.447982986128094,0.779839061589177,20.363776942880733,350,0.0,0
26.618605279729472,3.561221219120472,9.32133297986784,31.700597584380354,280,0.9723515329399873,0
17539.562191457506,6.59697788870548,11.38318783120857,56.16756179077309,290,5.08472880460441,1
6523.803067617664,8.303950098062613,81.23271338271758,67.36717389232362,370,4.8170572874492725,1
6087.7510930695025,6.679492072346087,96.54271725239879,71.49859299944126,370,2.4905179460464195,1
6.000770039967588,1.6953449072050786,0.18846618828469391,52.269142928242545,370,0.0,0
704.7099881509926,5.112221008593952,8.140703928737679,56.57523341317479,370,4.951472048779321,1
6.080841526697736,0.9092938596920723,0.754559218187339,55.10468596107586,390,0.0,0
1.2162910972264167,2.7054895916699957,1.580297103595297,46.965233067904165,350,0.0,0
5.945161973730679,1.204130088907038,0.3543892318128451,46.5125581033853,330,0.0,0
718.5260830652951,5.204838323043181,9.931753557887134,59.56403857901845,370,3.723198059145325,1
7.459885778249067,2.869043699006565,0.5216112279582648,73.90471036672653,390,0.0,0
9.050519308956343,3.067381627628077,1.6055517290151005,43.602779659448814,310,0.0,0
1.2611554730770556,2.281868211115799,1.057999573189846,34.947575935170754,370,0.0,0
16599.849973443575,8.711558041596778,86.01816046229897,65.47374020005482,370,3.8376463870613655,1
26.850219271614257,4.518048936509694,5.132112553571927,54.98458220078586,350,0.7049236496870199,0
2.2194392360160045,2.8756459795399127,1.6021428292056406,71.65376677673942,330,0.0,0
3.8368138768730584,2.1284512068953103,0.5247337915945434,26.108641023406065,350,0.0,0
1.0221732050350019,2.9131175647613667,1.0629712358133445,42.007583668494405,350,0.0,0
94.34515061041512,5.431855583707874,1.5477632488513113,58.9863333323933,310,0.6860656296462694,0
57.045567648408124,5.2639050435123105,4.714793659327476,63.060175001968524,350,0.463921644643847,0
8.80268183063,0.024798739594818153,0.5473588323263736,63.02021750927682,280,0.0,0
11994.449774575458,8.188321974811352,81.25134051606578,66.10629467562204,370,3.2402985732565925,1
24.37545192755782,4.677574063120982,5.67233727927029,27.056670604599653,310,0.9144261556326339,0
4.305168940398717,0.4689202673015267,1.645700444203025,15.863840959996276,350,0.0,0
817.2919057492024,6.179527009208957,88.5636915734688,65.99156970598814,390,2.8454680685441245,1
7.158117084226105,0.7701691216681275,1.1352941423429057,49.882300349632644,350,0.0,0
2.3807750374266377,0.7392734805328777,1.1270865185884578,30.84449029149991,280,0.0,0
62.9544991311329,5.251994678698662,7.797897868010359,36.556527351656854,350,0.9439791212863633,0
1.1729757918679893,0.849726449112872,0.989362224765627,20.40614090738659,330,0.0,0
7.684606498649031,1.5168087076079293,0.6979069402494651,0.7548582102120438,390,0.0,0
3034.6144459836087,6.577744666925042,110.6009762071217,66.0766546637903,330,4.433244728368085,1
1.1125640055432189,0.12608717392693264,0.8858459665564841,53.49599096599448,280,0.0,0
3815.3577784831305,7.289429707508065,111.84241790503484,69.07604891390483,330,4.605441210576731,1
5.922140672121641,1.6589456556018183,1.301236120467808,57.90398124789146,390,0.0,0
5.723683959841056,3.328656989605113,1.6679383624885282,6.411776789643335,330,0.0,0
7368.739159006082,6.582729999922439,99.46633323352641,54.90706994354521,410,7.875652909949966,1
59.02011031343546,3.5095030899249613,1.2798198405445878,26.737492218340705,280,0.9215275749858294,0
2.083571739136871,0.15539053918706547,0.9420381757660468,42.334097539028946,370,0.0,0
9.832368854632833,1.0933573427071304,0.5327956628262889,78.38190995597932,350,0.0,0
1689.0670340605282,6.125478156913936,9.281964646712064,72.76128390691707,410,3.7993522703272737,1
3.3125156628010632,0.04362980943258721,1.3310098482380703,0.8318481208112427,370,0.0,0
7.513729867727643,0.12281768072982846,0.7114754224235191,39.45674662942346,350,0.0,0
6.523502048656013,1.9489134572977322,0.2711045717861035,15.622174416527201,370,0.0,0
1.458089404136136,2.624052727524368,1.4105287352869023,37.042130567109204,330,0.0,0
3.244201580210208,0.6444872600221386,1.2201081296198495,56.753664687936016,330,0.0,0
2.1523873583024034,0.3333176360093139,1.799149612013411,16.353771031216766,310,0.0,0
52.732679725756554,4.725746977959041,9.494811367767817,38.50126940791888,310,0.02919660509258093,0
5.443008031981873,3.366601354790067,0.8362510175236597,29.489738483408097,370,0.0,0
4651.229228073783,8.827631171992582,105.26657596488258,74.58087740085374,370,2.709051936259737,1
2.275149587697301,2.0343645799867316,1.7615606383150388,40.37322222777377,310,0.0,0
1.1988070020294106,1.650609727078018,1.5291136270424368,70.8780090474149,370,0.0,0
8.095831911538323,2.0636869851686073,1.5640626752916895,35.59206543734654,350,0.0,0
3234.7346038073106,7.074057683369073,85.30168323805654,77.27254595590736,370,3.160480433485886,1
4993.214280015331,8.683048953242455,109.79048623631269,76.6750973243421,390,2.651650716276304,1
827.3662833044457,6.394511497718781,105.85163052914237,66.71960351937022,410,2.9399118805746802,1
4.617612082074412,0.612517368014434,1.8351105111663493,46.340790973313936,350,0.0,0
0.45701591769225636,3.0746525438859575,0.2431282586468365,70.9120335354217,350,0.0,0
773.1813785257738,5.8523823179302665,110.17086059751571,68.19808858238024,410,5.993354423038307,1
3887.5273679877055,7.1310577515573135,8.495015214601379,69.27562551006508,370,3.7951563876498815,1
6.263690568195216,2.3065142308961275,1.7124705055799259,52.041072170620296,390,0.0,0
997.9542873077689,5.036487923752251,11.861663813926942,59.635799122221535,370,6.375218585530067,1
5.5916641804851555,2.653073791026074,1.539661389544043,45.81633087465549,390,0.0,0
20.000918794249515,3.6400071209216938,9.268699790639392,32.43385193033646,330,0.8560330222059385,0
19861.92760277116,8.841203706214957,90.41394173661,68.2249044096773,390,2.9597268011021303,1
52.429348728718345,4.3763238623984915,9.439362479293875,20.274158247356784,350,0.126536608572706,0
67.16097420858384,5.4343132880323335,3.1339346661903074,39.21113007810025,280,0.9026081094988033,0
33.85901163446373,4.651838552645533,7.006096214235526,34.698490959278985,350,0.8528908846746432,0
5.803591461812858,0.947593677323604,1.642574851345063,22.99970310373329,280,0.0,0
2.6714070327895207,2.5696827387638588,1.7838147954398675,50.08818494473684,350,0.0,0
1.5876569841725465,2.964059710898694,0.5518872312754031,24.292673368789515,280,0.0,0
0.25487174380030253,2.9786294551722556,1.0866964240898147,12.134849369319314,390,0.0,0
7.935223536038642,3.230301969440611,0.5243129175076869,24.927924390044545,310,0.0,0
8.673266911885731,1.6669959007928838,0.9240964500062158,2.8423934423218,330,0.0,0
6.4030419266925405,1.63363524071629,1.7012654274579149,74.28225086817912,390,0.0,0
72.14837911835025,3.6480853749358637,6.33886815551231,49.54477933982565,280,0.4936364085642473,0
8.901576788910726,2.763453714002295,0.987334879085079,33.06339991622434,280,0.0,0
95.06790933554792,4.982722745899732,3.951674518652173,30.006339632320387,310,0.40092638265648595,0
72.322819499637,4.138657732774276,8.711401018392497,32.60474889371416,330,0.17467729282147892,0
0.8042492252414086,1.904343320188088,1.7236010492801728,71.13581482517338,310,0.0,0
8.718234988179313,2.5811115581713544,1.984601105586237,35.432706505666374,330,0.0,0
44.1361188271281,3.8875429430415345,9.73302572241545,21.589735011857645,310,0.8724849031545734,0
1625.0726264506357,6.504545239703937,114.38123167237299,71.48252354553743,370,6.7109507268357635,1
7.074827775233605,2.408216065854446,1.1914781677243997,12.789022072758458,350,0.0,0
14.862710740446477,4.6145986924289,5.925267226428335,25.079669893117398,330,0.045005387398110996,0
3047.6503478659724,7.030892837036032,95.8574494145925,78.45148287670773,410,3.4994115020892735,1
84.09316063603761,4.608142193782697,5.0315269418325,44.047346602622326,350,0.23015289527594018,0
4.193884206355828,2.4768831852802684,1.0417425516947592,58.78797231879494,280,0.0,0
6.123140948673775,0.6652131031284589,0.7910945611628908,62.91121845618528,330,0.0,0
2617.9139452187865,7.141027299950014,118.89384991734393,78.02892687630283,410,3.8437950129984007,1
3293.7694524094904,8.25178070923078,92.55387088446587,69.72804330145836,390,2.26178066170099,1
9.228326907227116,0.49157555436157924,1.2636464791457187,38.22327254547058,330,0.0,0
1.1614195876521416,1.5483635786533094,0.3325768106878873,22.7252953762557,280,0.0,0
6.744513230883602,0.20580370238224177,1.188882668548881,54.18037149426766,350,0.0,0
7.647832104552992,2.5154138502658356,0.38305786594109004,34.332143190333,310,0.0,0
1.943421435589243,0.86765591440914,1.5612176362960386,53.44280352747421,390,0.0,0
4.052081112717373,1.9343504760909496,1.7139774554239062,57.91418236424669,330,0.0,0
72.72518871704355,4.959058074698211,5.501460576259708,46.66827460214053,330,0.0841785424804895,0
4090.499253945012,7.394071974168467,112.41210221093864,56.77837644192824,330,2.1870311848843844,1
19.623406573891298,5.054450638615174,1.7514314021445192,37.07236644197432,330,0.3278134430019509,0
8.751531455016886,0.6493346637116756,1.5897157245173437,24.316820694886843,390,0.0,0
2.1214744533723886,0.4672354228214794,0.5284945707378612,44.70348669793345,370,0.0,0
26.037281460096548,5.179522496500561,1.9920268436124269,52.69645577977252,280,0.14613540592108598,0
65.00281082403615,5.160503818034579,6.537376790594681,42.66545991669549,280,0.1393103276415305,0
1.7096831950918132,1.0613701635174602,0.8018414246876147,36.08539131635668,280,0.0,0
1257.7999725517332,5.59983105717679,84.29611825154309,66.15326438110988,370,3.239138512620624,1
25.34042996101123,5.24674750512132,3.499448642462832,47.36998538653282,310,0.9000110985252844,0
6.520116135962695,1.5228071279709512,1.15263705393435,39.26652530065469,310,0.0,0
41.97577279366534,4.012702685047711,6.098713030321418,61.64132943140598,350,0.3684059285719429,0
1.2460828842742415,1.7855820265421847,1.8728429588090447,33.65982358571949,280,0.0,0
1128.9381107196914,7.157863285040528,9.674433203161518,62.743214161418436,330,3.6672755166564763,1
0.42153799507774103,2.4847423234990367,0.8206053061139185,54.139090359153066,330,0.0,0
4.325279379982928,2.7714655142687588,0.6769257556224533,74.54591854183603,310,0.0,0
6606.411108067493,6.846869804534837,103.63661965925668,50.22803871029697,370,6.964606873885801,1
2160.882036481436,5.823127317416186,8.672003394311485,56.468637348214045,370,6.721601947241072,1
76.02814474859998,4.904755319943944,6.09343205701338,53.86111032502187,310,0.022741463439172938,0
15139.883470508328,7.578108393080364,81.19339080398791,58.46478655407181,350,5.33097551516355,1
5.607689912186105,2.170110399490847,1.1521479791039297,61.070964331462676,350,0.0,0
5.095399666789151,2.1009564848687865,0.9152427203749567,30.102459547882496,370,0.0,0
4.926136586604243,2.502209112427212,0.956025630472153,8.859211221815348,330,0.0,0
6.944599834872631,2.869597926368953,0.406265261554392,47.89502484037201,280,0.0,0
1862.189609726802,7.508352738446942,96.16137562963064,64.74168729482618,350,4.23843505239549,1
77.83849346213734,4.7964386698028445,4.300412646620887,34.46396637340917,350,0.9777094559131215,0
4733.5758688840615,8.631065442871888,93.90694539343613,79.625295943662,410,2.92117392501325,1
7.945655751650141,1.4480981374497994,0.683682153901395,76.55108802529536,280,0.0,0
9.603978335957052,1.7511046504681462,0.19450365449003013,16.23134358448132,390,0.0,0
41.459263590711615,3.8937420171287345,1.5322628980524358,35.438675759572895,310,0.16252625302158075,0
6.831125744511375,1.741939953159371,0.883238234406624,2.97648305867515,390,0.0,0
90.00614596960581,5.441033327504213,8.447585588263232,50.81514132990554,350,0.33361960949254366,0
9.793101007099043,3.3567566832799507,0.9640616557036278,41.890173563574756,280,0.0,0
2.5467697135515,3.3223848493704002,1.0624350788137102,27.65576245206864,350,0.0,0
9.658962373496971,3.0961350092759816,0.48718384479878607,26.159129144023126,310,0.0,0
65.00076476201676,4.5498980914666,7.072022631301964,20.382712872977482,330,0.8869174764072917,0
22.67252532395604,5.180531094127763,8.110343994744051,57.03575972929948,280,0.8866821059184681,0
7.445246779875051,0.41117890068690527,1.3657394390185429,73.18738789621057,390,0.0,0
5.479098372264358,2.7849801774375167,0.9518797389240715,65.02415131406795,390,0.0,0
9.40854352317546,2.39836601237002,1.7448053671735881,71.36316128269986,330,0.0,0
3597.934832407506,8.425081767514131,112.48491844748236,78.0576231474274,410,2.473146186231466,1
5.539414393514968,3.410547136444362,1.8018885927037818,49.82997254855481,370,0.0,0
8.687418883652832,3.3058538304841907,0.7956007582112538,8.445237001129877,330,0.0,0
7.850478282460022,0.11719249148985167,1.5485634954389613,55.20772157701981,280,0.0,0
4638.971884960937,7.3397359477490305,82.84977909466365,57.75305617883604,330,1.5702448008303775,1
44.4272332590879,3.994646547079535,9.806093474306538,49.62784966917815,330,0.3604842950300413,0
8.19882338973255,0.25142204406763025,0.1757826451549736,71.26234291813569,370,0.0,0
0.6516303672235135,0.0022480629495580384,0.8917912823986848,56.42116399256291,390,0.0,0
7913.171657847714,8.643865120080665,112.9104645308332,71.43414198827331,390,3.10916957403167,1
5810.337688811805,8.469555811275807,87.57885436337143,68.29921505335471,410,2.4538186981017684,1
2.099328836229601,2.5113183643646586,0.42709998144243566,34.655244450872445,370,0.0,0
1673.4058158026762,7.479978539890158,11.53411934569483,58.013203576626154,330,6.54038622707571,1
8.524866952171473,3.1458591231792123,1.5108812173357378,58.79404710221594,390,0.0,0
6.706700059480855,1.7895708369444325,0.6738973928901185,19.814240055212984,330,0.0,0
0.20716026688450462,1.6483324845988596,1.0091375324688212,62.82700411901995,310,0.0,0
5341.497407131461,7.650794589717737,84.63595461276998,61.850929882268005,330,1.28327793594581,1
2509.990051549182,8.301481810859416,89.54211282509554,78.49408842923073,370,2.1144638803065208,1
4491.693661947649,7.326291924194358,115.84643087359066,51.402490889986105,390,7.108072287078099,1
1.9295827591564003,3.357096886734669,0.7292788729318009,35.05426326017708,390,0.0,0
5.857691027047237,2.84377719167558,1.475803753753322,49.28697935529379,330,0.0,0
41.31004528611898,3.875182237640958,3.2481352774451224,28.202840704577753,350,0.8286156771170003,0
1512.800583171373,8.357572144122557,9.851197462374063,68.85089496100353,370,2.27912654247422,1
2.6805093661135584,1.901729960983152,0.39928350818850333,57.67345520629412,280,0.0,0
1950.3903675846636,7.282905274171724,8.843737553954853,64.17395589266143,350,6.696761508122162,1
0.5809256676978758,3.329479816623161,0.4736783699477629,11.069655431488279,370,0.0,0
2.4000941927085786,2.5136152724477783,1.7759614982814544,5.004142902183553,370,0.0,0
6941.89689989989,8.437151918872331,113.30712784231349,74.0026510200225,390,2.6247332827640824,1
6.3642840673777155,1.7046592268270488,1.6704409368301387,30.241208586907913,390,0.0,0
3978.891663089469,8.259643052306394,89.22716501311432,73.0579185291426,410,4.512186295425706,1
3592.6446740631613,7.146173244192698,11.298656761825365,63.10334673924074,330,3.2877438659422853,1
0.1080812449799167,3.490587598913219,1.870146137596771,69.27952840196197,330,0.0,0
27234.813616606807,9.0,105.2332896145897,76.77506582436968,370,1.3832060193253997,1
4185.040281227678,7.800271912142526,99.08931639903186,63.59666293666611,350,2.4488317853493724,1
1267.311934613144,5.392484734264944,116.9560160218172,65.78977524750242,410,4.077083998646872,1
1691.8529276768684,5.752328914433553,10.016714417563255,62.50265987948233,350,5.929359275714659,1
5.924085394535441,2.552449353511362,1.4537144391437469,22.05753468944885,330,0.0,0
9.148463110640495,0.5074388661899991,1.1531664570312363,58.17187969375524,350,0.0,0
5.62049916864003,1.210476847162766,0.8641212883780118,27.596146545605276,330,0.0,0
91.43316813775982,4.474216493677983,7.129152699642777,53.49531165556943,280,0.7708465845880335,0
92.36494922564331,5.197465447983335,1.3977173724533465,36.45574415241521,310,0.3875850625608537,0
7.664233300270473,3.175190806678144,1.5175980409358523,67.1442857654203,390,0.0,0
815.9249934670783,5.103283479107049,114.6457842532408,65.89331166127477,390,4.817338754733425,1
3.093710001237467,1.7708754650778005,0.31159344829451713,42.03095462814774,330,0.0,0
0.14276349084421058,0.35618960712932074,0.7656974799584011,63.397350483088815,330,0.0,0
9.76977674199236,0.19033690958386223,1.355108983458648,79.740533851544,350,0.0,0
97.62270548010333,3.9039776598827607,2.0534434376286135,57.30733512302682,330,0.6011675039480969,0
3.792005726443758,1.97043784723232,0.20076150617658048,65.17330128646228,370,0.0,0
1.3432157300248249,2.637251972059635,1.382361491540063,51.033899968065874,330,0.0,0
7.058009223980946,3.180162203802542,0.6750603125247161,73.33279681565872,390,0.0,0
1711.4038460792617,6.702404593125719,10.779192515273992,63.60719068325894,370,4.22875948108384,1
2.4973459010384813,0.35332919754339714,0.6812916932180922,48.08968937727008,390,0.0,0
2097.262179509789,7.8373823623450685,99.76566586069694,61.158567243352685,330,5.6839864220789265,1
5.932855650829174,1.6802802631809,1.0973297219143359,79.58891229108872,370,0.0,0
4650.103573377274,7.74075307121427,94.43242245670062,68.76355576417801,370,2.7841200448308863,1
5.7807142492385815,0.3189600589923392,1.7374676889393117,16.377596746832992,280,0.0,0
3493.34057234927,7.96392228611005,117.70273601257351,67.34146345760918,350,2.4304874963582996,1
43.191583289852396,4.326361145871189,7.413182779143982,58.47814686142978,280,0.8165970468911625,0
89.94298884950489,4.913358432951635,3.001106630023891,44.798604593564725,350,0.3487399483527315,0
6.17517660580423,0.8712224474009658,0.7905888574870372,36.47878795952482,390,0.0,0
57.7249626169666,3.7408779876230165,3.5433647023691286,26.12844368937681,350,0.3141934560558768,0
33906.889970844284,9.0,84.56416284734549,77.32413502993788,410,3.1062076048225506,1
3234.9932114052594,7.966231912143182,10.38417021293749,69.33023221600212,370,3.934763203110583,1
33384.15831540353,8.040856636944952,91.38163500447301,68.96996798772994,350,3.470194233761319,1
2375.0447904897205,5.176356380008076,9.693981578718615,60.5218492855933,330,6.372325831230301,1
1094.3287079348345,7.873614138459572,10.09501179487055,66.01671902903716,370,1.1039237329302085,1
8.356059014236141,1.8503184649708864,0.2502314369991159,23.897881997954542,330,0.0,0
1191.8504837624996,6.647783372542191,11.744509853502976,59.37904037198753,370,4.459371417354756,1
5.947918234232902,0.5016977773615552,0.6829842957583963,2.0653595369176347,310,0.0,0
3.57705880754847,0.5131810000252346,0.9429721915171306,40.80129458827517,330,0.0,0
4493.129239694804,6.726180128383901,98.44397720619631,66.59951301129279,350,5.199390713431981,1
18869.235248119894,8.22825287546342,93.22942968219466,74.30384617589151,370,2.097138579693916,1
3.457503095172723,3.3664155251732866,1.296596771977345,6.663137630768086,310,0.0,0
9.039612336005028,1.1271192853586822,1.5949509542433236,40.069498362141516,330,0.0,0
14409.879437350372,8.065530433918383,98.20471369647049,70.16087801257112,410,2.1019209651497723,1
2857.2016372629,7.655212992441091,109.38484367740647,71.93041490868904,370,3.419809394562608,1
78.67307640942231,4.286453319202017,7.867652671574759,54.91094498304885,280,0.7413550906753068,0
8.619745903409532,1.1979417600080797,0.791969948061135,70.52505598915059,350,0.0,0
80.27898487788458,4.882835186059497,8.97085104316422,62.70137501908257,350,0.47452559480254686,0
2.523114418406349,1.2029852694897434,0.6534002067572486,36.816360237734244,350,0.0,0
14474.85016360579,6.794773949574543,11.059214210428937,58.767107972646194,310,5.803283707132877,1
977.0363183107056,5.022250893982372,8.857305611419946,51.396236541791204,350,6.6882821561266965,1
3.5489134416250683,1.422757713184886,1.6741442017090395,33.701884844121906,330,0.0,0
4.16138725685978,3.254188875472756,1.3328091745878605,42.51994654659029,390,0.0,0
3.3767204218304445,2.7852825168185937,0.5275448964008396,62.34024900478663,390,0.0,0
9.716509935134074,3.236275768804618,1.9510195823871013,58.1640518534884,280,0.0,0
20486.661022576765,8.70905765860224,101.00353211869044,76.63751304258295,390,1.3318137357530673,1
13.614142917546388,4.484176970107994,8.5855183822891,44.742640797995165,310,0.4188760096109583,0
7.293362285929485,0.559084636679482,1.4478845386165171,0.7467658576019964,390,0.0,0
8.51265795371719,1.651250020570593,1.5202611867515108,58.57272796005802,370,0.0,0
24539.813700569415,9.0,105.50354801913838,81.49149050134274,390,2.5258060380790583,1
3.9488031185971795,1.0216304053383745,0.4145098529355573,48.44733148758191,330,0.0,0
2837.045556799889,7.606419531871383,119.96418921896954,76.65684736106537,370,2.1808814539682655,1
91.55839052759143,4.428201728383646,1.4707202516343925,48.66968329800375,310,0.7451374186753852,0
51.071815381976016,4.2083291499321245,4.365051053867766,48.25566113362293,280,0.23843718680149306,0
7.248222504073181,1.4534849480857701,0.5328411870641296,67.57840463048547,370,0.0,0
61.22895601428915,4.501135921581133,9.040364279343192,59.355979752947704,330,0.6954414552103283,0
91.33096696485124,5.305636416280155,5.984372274886533,47.78745193183252,310,0.46162436618934644,0
39.104754398668135,4.7845953730514585,2.556881272445344,56.084236978858456,330,0.40868165089961017,0
9.499141421036885,2.85541674364312,0.7000798216681132,4.564713354556895,350,0.0,0
9.810550284421605,1.634648225466321,1.6958747789746575,34.2490777892034,330,0.0,0
2.6928279226483642,3.330397676025989,0.6794154761234701,40.098655162102105,330,0.0,0
892.4293280164457,5.345730805762632,95.14371150238924,60.94639768249389,390,4.332125264827946,1
3.673847245712204,3.221268264531817,0.10059739732376523,46.35306903438444,390,0.0,0
3125.162917373753,8.936669691865127,87.51614316145907,74.0731236283252,370,1.9952954047307576,1
2.891673966350123,2.036995539095959,1.1442952445383898,65.45196067322684,280,0.0,0
31121.021256729277,9.0,80.18000499758638,75.14629342116349,370,3.3545747987287946,1
50.26781853039786,4.237246307733631,5.042135111832364,60.1680219414261,330,0.8875122152019242,0
7.864254204269943,1.8172913650090368,0.6641836018536731,41.097483293364306,350,0.0,0
758.0860895829828,5.447319795729604,9.619976245983269,58.08969602506749,330,7.948834246217693,1
57.343412579733545,4.092107455616022,2.842497482869389,27.438731639188532,350,0.6008760604784902,0
51.65137400757921,4.919254982327572,3.893437027484685,52.46028309738169,310,0.525164744916564,0
2703.652674482721,7.01468284356007,113.08693698082746,68.56548023574558,350,4.307225798121269,1
6371.284602260777,6.815929051830793,110.88049728443951,56.61661263167761,410,6.74731545774742,1
7.558011415218666,0.7573625803904114,0.395537019880809,55.43801681593894,310,0.0,0
18.140850961901087,5.12369369229737,8.418331089592963,27.326497302945114,280,0.22262336382418957,0
4.1514007950206135,1.7726565867443276,0.972472581814924,33.658709693200784,280,0.0,0
4.8174788931642505,3.0430999313214118,1.7508819434444256,66.65960310410595,390,0.0,0
0.20963018025139352,2.6768453192454404,0.5964665819459116,60.71881817777884,330,0.0,0
1.504328624674413,0.44599334875409874,0.5505714400630748,50.258480622170424,390,0.0,0
7335.553863541541,8.438878439752052,114.3439167964553,73.97368029059363,370,3.951244703273512,1
6.396753701307627,0.3582678797264175,1.531000236139665,70.19700205946583,310,0.0,0
7.316270152040818,1.5435651836649398,1.007729285170612,44.85830290606111,280,0.0,0
6.468308741120128,3.466547626238628,1.2808130593167737,72.62416422099678,330,0.0,0
2903.9503272954134,8.209578285100621,86.92511385690014,70.91721005824198,410,3.960054359108385,1
1.087462906989456,2.6875008147183386,0.7229737494815892,70.24234181492596,350,0.0,0
7.996572443754554,1.7439770554861553,0.4179788116909928,48.13106953110903,310,0.0,0
4.550954314682238,0.14723254718571344,1.653040121091323,76.78922859977834,280,0.0,0
7.490087489818619,1.878152827353083,0.764998542145148,72.63464982548743,310,0.0,0
8.130617404337446,1.0406533413728623,0.18752331019416313,34.41812210768028,330,0.0,0
5.8818551779815325,1.5782366156059808,0.9082894020763896,57.209921876561424,350,0.0,0
2.6008278204767135,2.8593182248965134,0.9902355560028927,40.13727334817659,310,0.0,0
4.731220406889303,2.6131033741929257,0.43458511560994506,39.53270567377014,350,0.0,0
3.158606943666223,2.7931382544520655,1.5058927700454454,10.030779125596423,370,0.0,0
9.809935702400997,0.6675450506295132,1.6746013244680533,39.16230394643819,350,0.0,0
19.40028871446796,3.9456396471277513,6.615650107495321,56.112838816520366,280,0.36775310059477406,0
2.773792571429282,1.6747936132948436,0.11157153138274085,49.981120810436025,280,0.0,0
7.568315606095726,2.2356444451895308,0.17605939931860148,76.31733737175097,310,0.0,0
28696.761649418917,9.0,114.08062067524676,80.04791482903498,390,2.174247881073961,1
2.419679546360713,2.930205422681591,0.9489130549120809,9.554635315698956,310,0.0,0
58.66670127618761,5.213230284767902,6.4077230931109534,38.18908461378764,310,0.6755605071583003,0
2.8951666378399006,1.1594687769684846,0.14419483623135873,60.805501665671244,390,0.0,0
1912.9922213181724,7.300884176085097,10.374728017865415,62.82624104629547,370,4.892054125634661,1
0.3549705548053861,2.007340515979569,1.7337151080445148,72.98703434805098,330,0.0,0
36.14644596709131,4.618642667306819,2.5470261583932183,45.42805024643958,350,0.6302546641591356,0
985.6550540071964,6.435541943842655,82.3794676873336,67.15178274628718,410,3.171542650309445,1
19296.86987267886,8.208091235683588,109.54321545829531,58.171531711299785,330,6.780038914235391,1
2.8688371326097686,1.5123164825282118,1.282996380753508,47.49749656052245,350,0.0,0
1845.8590419377977,6.8426546217181965,92.95605050877154,71.79798502755153,410,6.95609149157596,1
8.4325713743326,2.513020499807228,0.6931421379529128,57.72972280239733,350,0.0,0
6.190292383719053,1.1020746739712606,0.4313442638637922,67.72316783386975,370,0.0,0
55.61075224176544,4.110129632922783,5.537631910291167,50.996634373962294,280,0.2529878781088879,0
29.06876824107811,3.6670018308518566,6.902330568698944,21.063940333050574,350,0.4912408965105728,0
50.61167718486311,3.547609755672677,2.1305005251634976,26.882666202389515,350,0.023222555157042524,0
27.60459637691209,4.872182142337863,8.215073234342942,38.00929824536884,310,0.11284034331735548,0
5165.653005355909,8.007362269751006,111.47697510008554,73.64850856592032,410,3.4103307572526704,1
8.174341138297805,0.7806264479940336,1.308246603859582,5.690362866047387,370,0.0,0
5.857713449182968,2.7277514067503192,0.4979223893998944,41.41918296593306,330,0.0,0
496.37980618724384,4.689363491672854,9.144189207361581,64.64373194891479,330,3.188572106976014,1
8.78912646965265,0.3093658239612411,0.7155611388284511,38.937550192848576,370,0.0,0
0.4876900422238798,0.4906290977116611,0.4425917473908365,69.01814506103477,330,0.0,0
4.651135937908481,1.2215147894440772,1.7308510769758054,49.30096279924557,350,0.0,0
8.07637370035379,0.0705056502381079,1.731478928919342,29.41710438659741,390,0.0,0
78.4713001320214,3.9459785646367878,9.785050660362606,49.23420082452853,280,0.6102088066644085,0
75.18319355969368,4.219425315342857,4.143743374939251,25.385310545938,350,0.390313670566551,0
2.681803280697677,1.1904863379096777,1.9926417895133537,49.817121127017145,310,0.0,0
2.879291266134625,2.0687716593384238,0.29558418939005954,12.88696091393482,350,0.0,0
9.650108746914434,1.2835346052128869,0.5888788434645579,61.05726031777233,370,0.0,0
2.440096227715096,2.782595925536542,0.11306822096523281,7.670363016086839,280,0.0,0
6.506558631253823,3.0319652069559035,1.0148128122857172,1.2152083745603637,330,0.0,0
5.915871471381739,3.3749892704643782,0.8549343799924275,24.187448971382643,280,0.0,0
55.167910789293444,4.803238374913164,7.771136709685469,21.43682652443993,310,0.1507935166340174,0
0.9695980314773138,1.0835012511049134,1.04777495641096,67.92525189099253,370,0.0,0
5.268517850449686,1.1462922740960222,1.063915561226832,47.56689754422504,310,0.0,0
5.075234575125423,2.975992898043845,1.7650548718552828,71.105318640773,310,0.0,0
7.211869513080849,0.8983656224975864,0.8790564560495926,17.879889685928603,280,0.0,0
3.7644340348735894,2.3764498132022798,1.673627551897211,77.51799225928328,350,0.0,0
9.102913227600693,0.7176770948311415,1.3497370148095436,61.83963160811025,310,0.0,0
2.54557212419946,3.314123018968152,0.10813734020257652,19.985973892145434,330,0.0,0
5.245913686779665,1.660855312157618,0.3753368980308457,12.43197329856585,310,0.0,0
1837.229047570787,6.546987787578218,85.8697293283061,70.36285830427362,370,5.032460912684943,1
9.814197355772272,3.4917678851429512,1.573879046642328,69.08800558833234,390,0.0,0
5.539100410211073,1.818551201500846,0.4252893902625089,53.55606348495548,390,0.0,0
4804.220466946699,7.575017307351542,109.19123068175168,68.48978422624855,350,2.9449373551289764,1
1.72548709128876,2.469072659321022,1.268937096017055,57.6769731061369,390,0.0,0
4.2137005975678345,2.378077916535794,0.13024097577545074,22.918174511518394,350,0.0,0
5.904294514355163,2.4308647695023353,1.182325672861547,23.432219032989366,280,0.0,0
3.1944918828916937,1.0671897084972066,0.7792275332564296,34.908715794605136,390,0.0,0
3.9543584602532174,1.4840598435493875,1.5570368885753452,33.80136556632113,330,0.0,0
3.902924763562027,3.0701137823262075,0.5843117172248838,79.13881992141937,370,0.0,0
0.6577493808588184,2.1960613153758404,0.3103202782804395,8.92928373377246,370,0.0,0
6.449199312673691,2.681116923101446,0.14470340866422698,52.85270520937055,330,0.0,0
9.55079668163792,2.869084890988259,1.638561440191114,68.13196018675727,330,0.0,0
29.956856996851236,5.405244519783888,2.932662335384904,20.33587191852956,280,0.567664706413983,0
75.616542288174,4.970663713364477,4.527227865890005,31.1158927152392,280,0.1458201734214144,0
7.674371853529606,2.7651041920737054,1.3690553531112188,10.91761316341512,370,0.0,0
1937.7234687781822,7.624923679305643,100.18123960771945,77.45188128328844,410,3.2600236891527974,1
3.862727772076347,1.9150819483043526,0.4232363706697352,26.254235568437743,370,0.0,0
3.4292271307883526,2.6318267789511003,0.36200920658273406,68.89898736147634,280,0.0,0
9.057396620156856,2.897092344510072,1.7827595480862122,12.598629518054718,280,0.0,0
5.54150507502055,1.9361952103822557,0.8098229122975434,65.66235016329333,310,0.0,0
9.0834667880938,3.1236849669888818,0.42013616668026843,63.04352269586481,280,0.0,0
1379.7532048436228,7.827495564412546,9.517856318907716,71.85743345455946,370,1.5937529491425706,1
13038.323756142112,8.384504377989929,82.42113803306145,71.98189725609913,370,2.414041083049624,1
9.220969575815339,0.7759400193188812,1.6906994082371443,47.80602087469119,280,0.0,0
3.9862166837227044,0.21558271319963268,0.1175539506951741,10.544965633506838,370,0.0,0
41.710974544379624,4.769655225089711,8.437223710642211,28.860056475051557,310,0.8111746910291375,0
4.992946518346649,2.3950703688791664,1.9041882642419536,68.33178451251145,310,0.0,0
8.085784238316652,0.7674511282308186,1.0678407788703854,44.54936543519538,330,0.0,0
1.0214077812545377,0.7093722575370113,1.3658126140802216,61.546396761452186,310,0.0,0
94.79778931221506,3.929992684840089,9.314875352083794,45.70022458424715,330,0.5201780593343549,0
5190.492261578197,7.5110166673842285,87.1441670278847,73.0390418879548,370,4.0989872256001165,1
0.2384223880728749,0.660726142522829,0.10424688902005456,11.842657608204945,280,0.0,0
8.30635808739317,1.3102874176964976,1.1436128130431613,2.5113295935918067,280,0.0,0
2.3376950699928747,2.773487851173125,0.5106129046561251,5.494238843933603,370,0.0,0
0.34539398945079947,1.5366228927983392,1.0602555436628338,0.8110055312559705,350,0.0,0
90.34265661023623,3.783824206659072,8.48784046782341,25.66388631121551,350,0.013372133120541307,0
1.9225493147819501,1.247111192799288,0.4566602526545417,59.73799010334386,350,0.0,0
9.860954400004765,2.8335272081458482,1.6706326040815465,7.467699654453757,350,0.0,0
7.269944751216287,0.6360534873417416,0.1574164871275648,27.39480717294701,310,0.0,0
8.407131386380138,1.6571639069801432,1.9941279067590767,69.91932714188368,310,0.0,0
5675.781488840023,7.351334649402204,114.98300559422287,70.39322145736561,390,2.496812807731303,1
4.032802086745524,3.168152131784414,0.8313336496819825,37.55916253598882,350,0.0,0
3412.9130605060914,7.694262435642886,10.324466436883611,61.997756516600575,370,4.430814259231603,1
1.671815375863814,0.3038015517275317,0.16922069988873611,67.26224791523457,390,0.0,0
2429.5884471771465,7.43141819517989,105.04049923764227,63.60657334450254,370,5.473411376964441,1
70.95003667038664,5.29546147260745,4.472674861097184,23.55802271586235,280,0.5770474786439196,0
8.74269072796149,3.231282373443658,0.3046093323621366,16.13119403633288,330,0.0,0
7.483913286476149,1.2033558912352986,0.33121154601077,70.94447514245053,350,0.0,0
1.0635025930334716,3.1381241925160186,1.6769746330712887,69.1078849481473,390,0.0,0
6.755624610701156,0.6894293886164562,0.17953689827299235,52.513369892858684,370,0.0,0
3.3249337299324444,1.3745389486935033,1.1079027341876018,57.10473713621205,280,0.0,0
7.01976610744905,0.4687047527874546,0.6265475934486481,53.183607489886725,330,0.0,0
60.963346573574434,5.394816187804993,2.700717457263072,59.841690421135276,310,0.7021569952824843,0
0.7581256418027343,3.3399389686621523,0.7025292575627625,46.72386843240254,350,0.0,0
3602.4357570426523,8.082444741539378,119.74090092583371,73.90278087092754,370,4.278054420529347,1
2.492366935838651,3.1853138594556962,0.29450362702873323,77.86655277595027,310,0.0,0
4820.416301491977,7.172240093039812,91.24935135356034,56.594226346919015,410,7.537294983835314,1
4.199117728437994,2.1762866783000683,1.6615538795075306,16.61458014165399,280,0.0,0
2.158853813470629,1.4548736758928196,1.265382549175899,21.883945082119787,350,0.0,0
61.94402006029803,3.7993784489562614,7.7278035172945625,32.53797084141378,310,0.6832797085446914,0
4.724430981808996,1.907440288524741,0.49573198942802976,9.331673179534885,370,0.0,0
4423.203377439918,6.871252637088277,96.19419857706136,74.60014971744035,390,3.544705975349136,1
82.44341502337858,5.0841317501825944,4.3558792438715255,50.579473487784796,330,0.4990281417823884,0
5.879941841787417,2.0089447285337103,0.5481952829458774,69.75918909791085,310,0.0,0
2.8265280868696183,1.7861407097650694,0.31334383662045295,25.135798917504538,370,0.0,0
7.122903015927668,0.08151871001642647,1.1098589905012224,5.206210174201269,390,0.0,0
3.184230985160561,0.12706986636566325,1.7160676928148084,72.30325664623764,390,0.0,0
8.465776556244101,1.6456379562105568,0.7323302070329405,15.241578158992226,390,0.0,0
7.342931364360842,0.48789084092346086,1.9555019812343348,21.47369743690288,310,0.0,0
6.497314800014887,3.0290114946773508,1.8516505094711504,42.6710400667958,280,0.0,0
2.9172355817745457,1.0543966630619233,1.0731541985698942,70.06756747435048,390,0.0,0
3.7591587239350126,0.37236039054342723,1.8409738644384641,21.402615869322588,390,0.0,0
7.5700632133744135,2.0726193070862324,1.4843279208220077,26.62598898520793,310,0.0,0
897.5574757586618,5.451046500185255,102.71736921713969,64.61817911449748,370,5.108798046759527,1
8.65527471093673,2.1525853366618066,0.9329734720072826,63.83472937430951,310,0.0,0
66.29325615767456,5.317748113047458,4.784137986256988,37.28855044641385,330,0.5650325374085529,0
15.265386538293527,5.409546659095408,4.144222411701702,64.34723565990132,350,0.6240779665293416,0
5.474297813140237,1.0966389388306799,1.8003439765324893,69.8424731106899,390,0.0,0
90.60981252614611,5.299060340357003,2.44614153500166,52.60132055913677,330,0.09550413073219455,0
0.9189079150550867,0.6852006077340363,1.3954517787280059,67.18994261853913,390,0.0,0
96.15613184120343,4.369643446992972,1.4014294058926167,32.61397443658099,280,0.8362183091872366,0
3.9620240762695307,1.5080971409379846,0.8038542232761011,69.05212241286779,280,0.0,0
0.9416848524882141,0.6234695030960771,0.6572196374760446,10.667936414439465,280,0.0,0
9.786784655552914,3.0860179814616973,1.3225782448918586,30.290981814983475,310,0.0,0
20427.271539498473,8.778022106600814,108.1213386279557,76.33769773069262,410,3.2407154193160883,1
6.972453909671705,3.4258302905646443,1.9641126776785223,38.15972138107781,330,0.0,0
7.239122295638928,1.1483528321656986,1.2838619891934202,60.77381631903968,280,0.0,0
0.9666999388916168,0.9277705100124017,1.1314611473810978,73.54154090624566,350,0.0,0
1.5624317387145135,2.8986806346316576,0.198968672442411,40.63726747599698,350,0.0,0
8.166062642370466,3.289552312296566,0.6239479434406313,64.86992143285006,390,0.0,0
5.009635468111412,1.1474471359870457,1.8366089403568384,51.29518641779316,390,0.0,0
6.456248556410234,0.48597985362790413,0.4314780731450917,65.47991231014996,350,0.0,0
2.58813266163938,3.2157929754381986,1.4206204408384588,1.6434427622515102,330,0.0,0
4.484363913480376,1.8169927445639926,1.5226012871432162,46.91077970403998,330,0.0,0
89.86163745321979,4.832262727825943,2.8536547395533223,32.14949318071213,330,0.37843933188781775,0
4.929810440674066,0.20445032844116545,1.522771300889855,23.10408534526239,370,0.0,0
36.54120525396966,4.348973534965021,7.928129623395921,63.54362329308203,310,0.556639172881788,0
1.2984374645876229,3.2769747248163297,1.2450623800383624,79.52723758136929,390,0.0,0
0.9859991690245963,2.108948679339957,1.3517518569530997,69.50413513548428,280,0.0,0
5.701383888165845,3.0899662621317137,0.31052835056201467,2.1851293657001314,330,0.0,0
8.313738237336981,1.283406464400997,1.5740785266789536,3.8486822413334387,390,0.0,0
4752.080180310976,8.948843107005784,93.9160310302637,73.9057905853544,390,1.8756831313516744,1
2922.1992928376217,7.528999503204469,89.63312232164589,71.43021875166635,390,3.553535881384437,1
25.08021344850932,5.213696355207322,3.3256756771058167,44.77185214752521,350,0.22252236099060763,0
5.026257383001456,2.1150755632962244,1.1190075767229943,4.718061631196893,310,0.0,0
1.990829017636125,2.8693388786499088,0.36239900195062247,60.1710617863139,330,0.0,0
5204.555653368759,6.7077172533515395,90.12738424506406,67.30054578761178,390,3.8336968152583912,1
1.6854680863642044,1.2110030353330503,1.9701966223854936,38.843392708410995,330,0.0,0
63.34463912727112,4.9028137240967595,6.622680140084809,46.283062020194166,350,0.4615576585625554,0
7.190881670099672,3.054625904532613,1.4710005641678165,6.688430797918166,330,0.0,0
6.454792071758936,2.61163455215294,1.231711094219456,47.100677949946366,330,0.0,0
0.8867177399595638,1.5131739796864525,0.7287494816474867,7.009832912522969,350,0.0,0
1135.586173406941,7.225715628271427,8.337972875294081,64.35939822700627,330,3.2748158600756043,1
3.1787179031677555,2.141161240569748,0.9317598974244682,60.58982932371619,330,0.0,0
4.129791135079146,1.5775815573640055,1.449317186947523,10.73350442454867,370,0.0,0
9.725860835241132,0.905064548671833,0.2048842430953352,32.954074131350254,280,0.0,0
20.70781851607505,5.3654297463304115,2.725947735992002,20.177457089852503,280,0.40524067681663045,0
3369.8255029764136,7.808333203952844,85.09104793316158,72.50239691908257,410,2.1398632629537224,1
2780.726718057729,7.310323672900095,11.10961935296471,69.71826426060967,350,3.2877950051025016,1
7.224706878421284,1.7894458380261176,0.6939610287900586,16.48751250643525,330,0.0,0
5.9029016840559345,3.1006104330047,0.8599073390282326,75.30751816377287,310,0.0,0
76.19608031068329,5.396813923275428,9.456876287184029,31.148470940733407,310,0.6873369528924389,0
80.0492412965349,4.347578860858027,5.398184362302725,44.8143917279399,330,0.2888529203115734,0
4.690372132233598,1.5313772487002661,0.8653947459874,44.94775576527751,330,0.0,0
8.90285436274581,1.8162565233474939,1.1462187755568654,27.433648514122446,280,0.0,0
8.208920354585723,1.1220442185746715,1.323765028939617,59.74860985090924,350,0.0,0
3919.193117657822,6.2751525256017135,85.5461798493368,62.83520766599229,330,5.349473094698556,1
7.927748312065256,0.9572175068440443,1.5094597357885435,66.81291966270638,280,0.0,0
5.259308888223135,1.8363362830525007,0.6479347364869225,31.31589308694722,330,0.0,0
8.846906648991855,2.7968760695397883,0.9129991000405696,20.19610069572729,330,0.0,0
1.1860435430473006,0.9680020477991597,0.6210366625417044,2.981991039443095,370,0.0,0
39.569761870785825,4.046730300470556,6.993260020005738,40.71212048612237,280,0.049049187074451384,0
68.71263059015956,5.1688080894270065,9.823860212546066,63.83437512257913,310,0.07913202970064925,0
6.040725003100547,0.6963484905761828,1.0531574999244178,42.32084800588541,390,0.0,0
8.875944856529467,2.026593128696681,0.3083071569602457,73.22090012352565,330,0.0,0
4.6590822213230165,1.7271945521712593,0.6693291030689312,31.16367665597986,330,0.0,0
9.410017351627237,0.5358513153118198,1.297447440448678,68.57924102052385,370,0.0,0
84.36556753707508,4.042273435785496,1.305455790602983,40.48560822295839,330,0.6758390120352517,0
7.19270384388001,2.509699382541906,0.6890046206364722,33.1145446540947,310,0.0,0
21775.855338225876,9.0,112.08239147942898,79.24701667219888,390,2.0739414544023482,1
9.206573991260269,1.7394284616104474,0.13849164403371753,5.384325653519717,280,0.0,0
83.08607092897773,5.177765523928576,2.546161240720019,45.53024000804561,350,0.7403609087054239,0
0.4150640719855003,0.9915704371538896,1.3595626310651756,22.642599045010794,280,0.0,0
8.202271126970482,2.4499335763779144,0.7466911784654868,64.9419262592926,370,0.0,0
63.3998939618126,5.445671896636074,7.8125396391285875,38.62615494767391,350,0.05944798210601954,0
2646.035088452286,7.64794848220121,106.09732226084125,63.16214151824043,350,5.574864443971908,1
6.9279044636906235,2.483668284600693,0.38449499570686396,9.955402226365155,330,0.0,0
18.469059633024003,3.9864415917807037,3.291982222248035,38.697610809431005,310,0.435428941996142,0
45.995849072878435,5.353877590714454,2.076674097169386,52.521244411678836,350,0.5205297841379208,0
2.401433599940465,1.4548919320125018,1.7492328594217919,31.50170491203238,330,0.0,0
7.0116696128809854,1.5922382956700698,1.5641577320130209,13.864700791673288,280,0.0,0
0.9279127776353052,3.176935662384479,0.44947545969113745,17.997459823658026,330,0.0,0
7.771813919546687,2.628784061690049,0.8916718808288419,46.02828962521318,350,0.0,0
6190.7436592210415,8.565236106481189,110.59995429664102,73.3471832000059,370,3.1071588013159914,1
3.8104850888582824,1.6921402797169411,0.5500351459418473,55.85938191913521,310,0.0,0
4812.083951703293,8.408608246555643,111.6580595123049,71.6093139107311,410,2.0316111108802675,1
8.396662519620605,0.734162312146946,1.6730558795974872,66.65916327712415,390,0.0,0
7.046848368719962,2.264915758257482,0.29556951521100083,16.357980401117285,390,0.0,0
41.83997801024137,4.656078495839864,4.335594581893914,48.6831219723285,350,0.39727061828906685,0
0.7602681903034612,2.666818624974613,0.6079321574693876,13.249374443232051,280,0.0,0
47.94543878046779,3.9715423459479173,5.760972380056241,27.84128792290479,350,0.9949227306534987,0
89.51044761365395,4.527342114695301,6.112183441899997,25.906488442817178,330,0.5605372332665048,0
5.270836333923925,1.073709292520218,1.131826720329472,12.397519451991377,330,0.0,0
9.176585523493662,3.1741584631943587,0.7465712229664038,70.1325795867969,350,0.0,0
20953.225102578042,6.8946298881500825,9.276529954398665,56.087411288982466,310,5.161978747496102,1
9.231878049794092,1.7195623644496494,1.0214244754628685,68.49265299937345,280,0.0,0
1.2253798094330999,0.6311973443122977,1.3747505850525268,18.728273825991593,330,0.0,0
434.65024628174905,5.29578856516697,10.182702776324192,60.43495595079861,370,4.797843152641027,1
3161.6144271470457,6.667364999644179,105.06556870789927,66.26238362164057,350,5.2831226519287044,1
49.15978390787024,4.327758496632671,6.758590601105485,21.20365428418303,280,0.8661916083901089,0
6.718375812626647,1.5067580853834968,0.7529272588865521,11.674854942536053,310,0.0,0
2.594583283347365,3.2442562689588335,0.579276492491199,4.297229211618063,350,0.0,0
3.407399122567499,1.9483079024060708,0.5163216807608056,56.37108151441235,390,0.0,0
7.595157605989061,2.1702831732864176,1.6782061712674283,79.18153867059557,350,0.0,0
5.512080579371294,0.8647365554825164,0.9300188143217711,36.63688081329447,350,0.0,0
91.55485829188609,4.006128263395441,4.01542058192282,21.958561193017818,310,0.124607165444381,0
6.0648655757424805,0.10573481884724661,1.9152262130680722,21.135333058824166,390,0.0,0
5.056102054650423,1.8156970412570814,0.4377936044034718,32.89225103196842,280,0.0,0
2.134844286520414,1.0837821050951453,1.291151829838909,10.270253124521256,310,0.0,0
64.84166409365295,5.306191509317579,5.3615524518506446,51.23298931432663,350,0.1356417686758623,0
93.23298613421989,5.455997047123455,1.2263794806521116,34.09574287265477,350,0.84484982383752,0
3.4847572530610225,2.9204796325290476,1.383922171965082,33.16384192722551,370,0.0,0
6866.42015387722,8.08444432113989,96.63229608682438,63.416141738618926,330,4.659722424665571,1
5081.468778468692,8.113828255809011,104.58946976753157,64.17253609858686,350,2.307159558172229,1
7.689294777598074,0.2488058893077844,0.635357219870071,59.107443674643356,370,0.0,0
3.8212493995203247,1.9332550350765145,0.6664323545790173,35.358171046832595,310,0.0,0
41.196337395861285,4.062426787185358,2.8578184891588676,21.710894204242713,350,0.44909313636118775,0
3704.069233119171,7.939809042480467,119.42484406048032,73.85046696720872,410,4.596896689656115,1
0.5160879377153632,3.279172890079373,1.9417723885273142,18.1473187705786,280,0.0,0
9.283104020570967,1.1513027766677242,0.8552007590122315,63.95726259415621,310,0.0,0
1223.7153752645074,5.692300679035133,88.83191684835737,71.56073879095064,410,2.578167163276383,1
2.044153040158975,1.1366972002206828,1.969258950440052,29.96395850043597,370,0.0,0
3.3965346629557263,2.547557995579107,0.4686000845365931,60.68433553716679,370,0.0,0
4.7754120892242895,2.713316382676252,0.3967139247227037,35.95657284111952,390,0.0,0
5.7378905357593215,2.3216034778044503,0.8561060759135218,33.247535808136526,280,0.0,0
84.60974324841281,4.222843585117291,7.810770350155428,27.069585623230402,350,0.6487084867117533,0
1730.684170340139,7.280611436133656,93.36520162006184,61.72994445191594,330,4.6277867396039785,1
1.8789264594749988,3.251255059942257,0.5574116116959685,15.587080360921819,310,0.0,0
6.7589551389294185,1.4889792044180754,0.14332047039244197,73.01599925933454,280,0.0,0
2.920528346621406,1.8266050384772163,1.1498410855686618,16.81321299938493,310,0.0,0
0.46564086554869055,3.2172773477916756,1.3736925572751222,12.377911920710112,310,0.0,0
6.154302176607831,0.24363850629511952,0.7453990783920691,67.93228969596522,330,0.0,0
8.922725376231012,2.8703666067429427,1.2498360150058485,24.92465107151687,390,0.0,0
45.73981488849341,4.109254776218311,3.7701280685400853,59.413039429667684,310,0.6622026342982749,0
1.745792209868864,0.006753977556688107,1.2248054861528537,2.9369750064359756,310,0.0,0
17206.34668386914,7.907961430360565,83.76287852357584,63.89656421675397,330,5.790014480081113,1
2.2559357054071616,2.28135432370151,0.4328522547770116,6.931135383625335,390,0.0,0
68.5792433343593,4.259102214149356,5.586107659854958,60.41278201512226,280,0.22779402665380533,0
95.76551239236058,3.966078441197166,1.1985046057904425,62.76529312310388,350,0.6104944814702311,0
2.3216467887641654,2.0153756177462254,0.6218314709733029,79.63272492356002,330,0.0,0
5.962045224399592,1.5790101040390412,1.3828243611239934,37.59919458668421,280,0.0,0
7.13983551909692,2.5286723810861464,1.5172942762780484,12.644023289507684,280,0.0,0
9.768933991744651,2.9257237832089484,0.9754464059544029,63.455869936572526,280,0.0,0
5.693159939978414,1.9444546364131485,1.8503379551649008,27.813762452875757,280,0.0,0
83.2801606319884,4.789232060247318,9.125454768148401,45.300239957970504,310,0.5415105603250052,0
1.671313624440107,1.3666974641898233,1.7390618389308732,18.048736338547535,330,0.0,0
0.960041951161196,2.2659378800662435,0.5660051019076694,69.50796728176127,350,0.0,0
7.5892614258851445,2.0868379334177654,1.043801783364322,71.75542334666459,390,0.0,0
0.45497884424397517,0.6768487593929458,0.18902834306759464,14.742964978791218,310,0.0,0
0.7292467453415512,0.6312380257206907,0.2671311221963339,12.946347586883107,310,0.0,0
6.286601989599635,0.5985121913265261,1.5062777965224075,29.29531735701002,310,0.0,0
3.0093111579726606,3.4093836664320376,0.7754861354069681,9.911248743068626,350,0.0,0
0.607147506918071,3.3994146069410394,0.8761816732581238,16.15257748251489,350,0.0,0
1.9011622845898615,2.4985123977242365,0.4316495287930153,8.448383269432025,330,0.0,0
34.4379762369574,3.577841061573147,2.509536618654078,58.90994021139915,280,0.8432543631122329,0
5.284586056191125,1.7880700224461514,0.10609461230184962,59.70190508002473,390,0.0,0
5.476417781357633,1.2597643641268184,1.3633169901788067,77.51934931015309,330,0.0,0
33762.739879878296,9.0,109.5772587390604,78.00871592106633,390,2.4690703008825974,1
5.895353575566755,2.17633984558598,0.10836175161674609,44.91948266161492,390,0.0,0
58.897444729272344,3.6044299101646864,6.615225460852908,25.048444972705973,280,0.4336638024692425,0
1.724378879055055,0.4540483741671694,1.878490288636164,67.06919100824676,330,0.0,0
4.6444533343666095,3.0365925295061738,0.6157348933723149,9.638544331129415,310,0.0,0
26355.74676732555,9.0,91.95774604475622,75.90320250883148,370,2.793880135495668,1
0.5630533207935541,0.7990384795998695,1.727492836583462,30.159505517642984,370,0.0,0
49.10501869855149,3.5282175185690177,2.0396907430834386,49.70231034973483,330,0.33691824944883986,0
8.786081274543632,2.6438003942885766,0.7466544814601367,32.8040410636782,280,0.0,0
2995.015106947445,7.5151333768461885,93.79325037595352,57.21280127683254,310,1.2005747969905005,1
3945.7460595766834,8.508192914778245,97.46669957355358,82.94814892829608,370,1.955893161479662,1
0.18444911991077015,2.78363211884713,0.9608560295386717,15.875146930580986,330,0.0,0
2.5106139782680787,1.365905201315184,0.7046760537749661,0.03335335224830871,390,0.0,0
5.424429927112379,2.0091942702363745,0.26481695974720776,52.429876003730236,390,0.0,0
2.9948297881565367,0.8755986848176036,1.788696756093573,34.547840090775786,330,0.0,0
2885.5927084207706,7.236662362997581,10.984057120973784,68.1656876342391,370,3.133117713910356,1
2.0151119664241004,1.8576474067762434,1.4857658454090654,11.566829210142595,370,0.0,0
58.245379861376804,4.581199142933482,6.330506723398172,50.495317971974316,330,0.41981982859534284,0
5.5535636870057825,0.7129127217806296,1.2960814856665313,79.24998186947961,330,0.0,0
0.4094970407913854,0.9157922047153042,1.3967296434039298,50.8090561579977,310,0.0,0
6.793546573200178,0.7110235130858893,1.4863957878291962,6.0227013022629805,370,0.0,0
7.923837965046639,3.168174646747119,0.21806444985436668,41.97073251162305,310,0.0,0
96.58855391881127,5.01187483390283,7.120428846123435,45.00298465363632,310,0.1266613539110416,0
8079.238532212735,8.893121121322197,111.13533988295048,68.94638707851968,390,2.0876075315744576,1
3.027838892101797,1.6226901421500413,0.4765253362826276,21.003137251919767,390,0.0,0
88.10949691577012,5.108342668805947,9.357432744005493,55.73175070897231,350,0.7180997852669284,0
572.5055449212982,5.12598955669908,8.807469006438165,63.0058362067385,350,4.235577817011166,1
3.581002371240876,0.7035565203714597,1.237021943164988,36.500091578229366,370,0.0,0
42.277154549274506,5.39033103491947,4.609911314981304,23.014474142997127,310,0.47084549359917405,0
2.6222486679404318,2.8047212599767866,1.3436829359300655,61.498402592126034,370,0.0,0
0.12653128202271416,2.4951020200123537,1.2684767496043257,57.55668850656242,390,0.0,0
2.498697426849879,3.314206799483932,1.6896943160575666,11.072223921296152,370,0.0,0
3.9814394625291754,2.806306358295617,1.30713506179041,71.46271890991856,370,0.0,0
54.75757814665281,4.9926778469657815,4.521424668257357,20.234734447920246,330,0.24553279933847572,0
2080.764234396788,6.62829325851112,11.123353418076192,64.38511458961065,330,5.882445496961116,1
9.55289580347585,0.9216982555746924,0.7188201385014102,22.39821497249146,350,0.0,0
6.736324424300572,3.136997852716523,0.7519614872025845,47.50289815465406,330,0.0,0
2817.876715882868,7.563523236969537,99.82420312804572,69.55209956707981,370,2.696551766922912,1
12415.300902994453,8.094567608890864,91.79020772811052,61.63621046660352,350,6.672490353685203,1
2.7907883859169984,1.6801084979917593,1.3499943846713902,40.73674317948964,370,0.0,0
2.2803260708616517,0.6525935261810218,1.3408208102075032,12.44100808098179,310,0.0,0
4.722073868118911,3.4680304543712217,1.7286013313526232,19.17485606728972,330,0.0,0
1404.2674111488254,7.817991096952049,10.018104948088919,73.75004942234608,410,1.0869501240255839,1
8.05632750123834,0.579715783543209,1.8389669744577226,71.33614489801631,370,0.0,0
6.222654219908998,0.5011885821009255,0.223909772809119,76.89379127173461,330,0.0,0
6.747443962336741,2.6402637405607736,0.3190144588309154,65.86337291534002,330,0.0,0
6.724985808875908,1.6280884754289509,1.6544145451985879,28.21875234082702,370,0.0,0
2.5044913963495423,0.04944301218449104,1.0183365251106598,77.21186173026521,370,0.0,0
9.76964237488159,0.8452136222768241,1.5312882696330024,61.80303299635176,350,0.0,0
2.6338603458576526,0.11503684593264141,1.2743402926637688,23.099282819184232,390,0.0,0
8.633187058515066,0.9719427566212323,0.4166086717541013,7.762428842668676,370,0.0,0
2.4278495861121376,0.5753255407355529,0.7609542572700295,41.00905984429029,280,0.0,0
3.3136540586009,0.3684015782409097,1.813713911345409,57.35668767155793,310,0.0,0
5.364291953602822,2.4452174904033783,1.037595865782131,23.28785309579,280,0.0,0
2248.2445715551776,7.169134707382856,88.47088653865242,69.9000139104509,370,2.1426090683696906,1
7119.844915021004,8.44936150214379,90.88966247380637,63.963909621534995,370,5.805204793087683,1
4.185742859843696,3.4067203931106698,0.7550557685353132,10.26378583394223,350,0.0,0
7551.605900632146,6.653284316624494,87.17073232630956,55.993827915208435,370,7.749124081674929,1
0.9077942966798428,3.2654300932724496,1.2989534749927862,39.32876714543964,280,0.0,0
6.889161378698966,2.3453261095199966,0.6295493430570458,56.25915175249115,330,0.0,0
33.524623555663716,3.5668566254238088,7.190338850166592,44.168481005006036,330,0.0063619723338859124,0
5.311873786623756,1.4736921954849922,0.6733923241166618,63.29064986876386,350,0.0,0
6.612881153367679,0.05453245014883745,0.5520287846622285,34.370327679875345,280,0.0,0
1.3403251628148112,2.7537534920787805,1.1941667912181775,5.148342537323165,370,0.0,0
7.670556899019652,2.8159110221128145,1.0330554703397028,11.818285003285496,370,0.0,0
8.291457118439071,0.6680980130027828,1.9901640294870246,75.00498567252762,310,0.0,0
5.863834211517887,1.5774270535358532,1.8393328660017085,60.248735722753814,330,0.0,0
950.5715755924273,4.6183990831786685,11.179002233670287,58.37716858187041,350,6.568794269146817,1
8.204678543158394,1.5569251574865164,1.1210573885817474,1.3940042173527445,390,0.0,0
9.307539439639525,0.5336327814243518,0.6733616671870425,67.67592011623029,350,0.0,0
1.2705946721012638,0.8416574393333329,0.5491097172770706,49.66909660675326,350,0.0,0
48.63924180807317,4.411393720042367,6.3379747800805175,39.706213565228595,350,0.5783084519186734,0
9.210395439697399,1.5436465788638771,0.8862196387798803,43.93124615084638,330,0.0,0
18862.332301734048,7.64937415636815,118.46198518164131,56.784417618218306,370,6.717965721115427,1
5.109208881613443,2.24953860138021,0.775183753676397,52.0130313502373,280,0.0,0
8.294757559386198,2.027036150523929,1.7063700075593138,22.76504554176948,370,0.0,0
6.328304671136167,2.5328741780114292,1.2066164963521384,0.9796532632657939,330,0.0,0
5.473078515010249,1.984882779210773,0.3039951144044073,60.39617056655831,370,0.0,0
5.36688821886897,2.8426669314791724,1.2217014936497255,15.611537643065203,370,0.0,0
4.405630606191005,0.7877678402110678,1.6952620201245072,75.37058191424342,330,0.0,0
0.5231172055574685,2.8757425725421446,1.8537278521907297,60.23086429262647,330,0.0,0
43.03035253319312,5.0598585210964,9.059870798311813,27.657290362996203,310,0.7766628889249426,0
5549.715696978973,8.630282593118888,94.47250442213561,63.87649919316101,350,4.236011804241031,1
25509.269272357968,7.741372061626663,92.89969388674662,61.55441564083422,350,4.748628730581615,1
8.617100331081584,2.1112163101779733,0.5111591702344045,21.92540789565775,330,0.0,0
1.1853531202847358,0.725805063337835,0.5767345650098729,21.32845656393421,310,0.0,0
38.22466023151079,4.629261863950591,9.488298766523641,27.99522928945757,350,0.9987538057742129,0
9.184100197378617,2.2035489576540854,1.4578163062401512,30.612440305130963,310,0.0,0
1.7698367897545242,1.644878879435284,0.4882948181234741,71.32606210706653,350,0.0,0
71.78711098792039,5.424232212981762,6.732785999129546,41.48412883663078,350,0.697191571374103,0
4515.477652239462,6.197809847259197,111.12605690176049,68.6063040139613,370,5.3356983176959725,1
5.557950467891813,2.5244455107335995,1.2887973014947127,8.792200931870848,330,0.0,0
5.1204326185084685,0.39032470390009355,1.306515040135532,56.542260600747255,350,0.0,0
10.229496333306177,4.751165949076878,8.508689980414173,49.66689381601954,280,0.5127636307303778,0
53.51745114973769,3.683734373773559,7.394495469835643,45.619121378513555,350,0.11741688820841312,0
4.298247929246363,2.3673782185105035,0.43411452363391123,65.59919582230182,350,0.0,0
5411.071244844341,6.7508385847448595,111.7454153544951,62.11954611080542,330,4.875979205840745,1
1502.6646325095437,7.3466710505082435,9.596781210631162,55.35116811109667,370,5.323883140499262,1
8.90407876260587,0.035452680695105876,0.5452966017406156,69.40652196927812,370,0.0,0
14.30470093172449,5.108702538722501,7.010175136103048,49.706948845238074,350,0.024768321406245297,0
11.217399340357327,3.9780794843027123,5.856814462612122,53.16598605464899,280,0.5873071786764368,0
68.375288650074,5.3217026980860584,7.286629310810386,43.796652092765285,330,0.8199702656357306,0
67.17188690269109,3.892240710289024,7.2926359344351885,55.96556344843124,310,0.1950803991211798,0
2.030203517676257,0.38559515787146603,0.6391403820312742,7.777011022795159,330,0.0,0
22.936177145750946,4.599227274440622,8.939944147614357,58.85451902251419,280,0.5528501126104001,0
3.562237584482079,1.0336465162685655,0.6596565424361587,28.56138392004814,310,0.0,0
3.2680056667780257,1.9620981627323726,1.5369835174948117,33.48246216293226,280,0.0,0
12967.073987408707,7.4039732908780405,11.462290157284112,57.98097435818333,330,4.199724954321459,1
6.477960197431541,1.3483647131165624,1.537290987435533,31.59970481380504,350,0.0,0
6.706614148752718,1.42309350295687,0.1084531471368397,37.025690764578854,390,0.0,0
5019.607324747014,8.501044775103363,86.09248410852675,69.96320375077735,350,4.762042452192965,1
9.88263911495497,3.3052922670522085,1.6683907832046772,52.07087410589331,330,0.0,0
29.797642147859047,5.23219234575697,1.8417713617713547,29.562302234990902,280,0.1720621884171678,0
8.616727105514627,0.3022588607555883,1.029535227660981,22.040867156387947,310,0.0,0
9.7744260540086,0.540556252198851,0.9960852465382551,21.65885462635415,310,0.0,0
75.03306036273923,4.246060778188581,3.380918752156844,55.71119053243858,330,0.9196400726262897,0
1.929288616215212,0.6730991409649126,0.9012082540888252,14.880349626619296,370,0.0,0
52.636728448085286,5.0735573504220675,6.479065804489877,42.52847857192576,280,0.5266375099372003,0
5.1793819032826205,2.9470683771349124,0.665962201021901,44.63623861509636,280,0.0,0
6.679754536895712,0.990428393014595,1.7243957443980131,51.21369984865996,280,0.0,0
88.66413334625338,5.308652368116944,6.261291920515799,22.525440997276327,330,0.08245551751096658,0
3895.1605355259967,8.142998423340833,114.68689106426824,76.98829637333658,410,3.227032969459664,1
1.579732688063663,2.000305304708467,1.8270487105447795,43.13844461245418,310,0.0,0
41.084978279498976,4.832262209308819,9.912013003803715,40.218187631231395,350,0.7866956988617501,0
805.682979503848,5.634692024923347,114.41127544875762,68.20397203597308,370,2.721517373036507,1
6571.132037981565,6.973489401056954,90.67902652367574,53.31568997342552,390,6.877822920610093,1
52.907854102643775,3.7141411456632323,9.54426745260087,48.926461442992284,350,0.7542208329272434,0
2.7493415111708632,0.3562509606215611,0.5474028237633339,24.94171670223336,350,0.0,0
14.35509890180004,4.853750752325258,5.925950309959313,46.818280587521926,280,0.9830388714978814,0
1.6630321032563904,2.775778014432574,0.8311098064918438,51.614876853278105,280,0.0,0
726.5050617664967,5.4012649641861135,92.95746675750544,69.48645498712641,390,5.153721916995186,1
2408.430026924731,7.229656029998855,8.527288871146085,66.77658673612858,350,3.2436650092570622,1
1.9916468574858326,0.6641884802376885,1.9955323288308697,19.94685833523569,370,0.0,0
0.5789786931385811,1.9602011668268067,0.384072305029744,34.69994875545393,390,0.0,0
5.409038002299638,1.0118614841807858,0.7788870674666322,59.94655904565924,310,0.0,0
5.119981116844945,1.3744852049632332,0.9645413451080569,28.830548826400832,390,0.0,0
13.066952173271936,3.676336213848317,8.842177750138548,28.21852968497557,330,0.15527523754801353,0
44.265033701794074,4.229667717446966,8.449434142708604,38.39812549028549,330,0.2173163119843926,0
1.151413163732524,1.690177413298749,0.38237768892611723,23.15329068448209,350,0.0,0
19.870846270648762,5.300961493011842,1.0216732943526616,54.95945071517896,310,0.39195045509149173,0
4.2020329553422515,2.6788178283801454,0.6823127169053018,13.91900472556812,330,0.0,0
67.66213894802124,4.136772494085625,2.824330248278311,20.084368154296378,280,0.40751767605760025,0
3.27917550858773,2.4036388548951018,1.0106788971637928,0.1929117945342096,330,0.0,0
0.3374476700583317,1.3259489494058807,1.255991818433467,70.46423504302237,390,0.0,0
0.7239031753248635,1.41036959619677,0.7688770070824995,31.52369572001243,370,0.0,0
7.979211370578063,1.314620902450458,0.38361572505834907,68.50789725070048,310,0.0,0
61.21087886696972,4.380710385274769,6.208703192067463,32.57145168268236,280,0.3606174903868148,0
6.0036862291034225,2.5401258215173645,0.5688366646266982,77.921132035634,390,0.0,0
30.48881093136093,4.224347351658681,1.077444600104648,50.25230964535971,280,0.7779405987585303,0
8.225058316691849,2.5825001347614283,1.3963504654534897,53.36758076445304,280,0.0,0
16073.227771772932,7.101774755867709,11.741525478265979,54.67640256626596,290,4.754411965766008,1
2.8960575372722954,2.3995728135326866,1.8468541562987129,15.144508736045532,390,0.0,0
4.571223612399282,0.9846031085585902,0.6564089945839464,70.49322565007516,350,0.0,0
2.9808126150607963,0.8542197257761663,0.33811941857145644,39.89342667430887,280,0.0,0
47.89642752241053,4.00942045811029,3.3014057824168783,48.892407519025156,280,0.2015195799387448,0
1.512740059429313,0.9735136091448988,0.5117533935851407,32.25146019607148,350,0.0,0
7.547853112662295,0.5373258832591961,1.6212764579228993,43.00299478797023,310,0.0,0
19635.90681928449,8.483417075992937,96.77089551603221,60.145830518855306,370,6.592057112620757,1
24.85152963624983,5.15775778375257,9.542171494689484,52.8037402700259,330,0.3428758792604123,0
28.938451691694468,4.593998682804591,9.04362406005175,28.011750876346788,350,0.4866763464421453,0
3.2375774951501204,0.939797766739377,0.1563005833551431,68.4484368477556,350,0.0,0
1.121652119544012,1.9189234464164284,1.5179354441971606,48.02611136141734,310,0.0,0
7.118083221729813,2.558987819178209,1.9737065155156914,47.931674207016606,390,0.0,0
78.53823596735889,4.66556380442192,4.961078532452613,63.201046607753334,280,0.424497890691106,0
21311.087581953183,8.866608384932613,101.58109741046715,78.38456483297325,410,2.6889577465743733,1
9.748933407124156,1.928375454297434,0.9568043328784042,55.9956948342909,350,0.0,0
6.685448469047826,0.20620368767531227,0.3437537063165091,46.64114129769938,350,0.0,0
3.5507806444702306,2.169001104251184,0.9485337112232648,64.10538609726898,390,0.0,0
96.87528334547045,4.380753603169574,3.8454533272186286,42.0367648234189,310,0.7568552768149742,0
4.585804829170757,3.158294720920997,0.19213970631673627,46.323516308283985,280,0.0,0
1882.357682116256,7.599113141579876,11.374299806391011,74.02653143927617,410,2.9591413611731854,1
17546.116568914036,7.896166500059249,107.10483054399175,62.25769634715434,330,6.133875590638773,1
7.51516438868283,0.3298045255613509,1.1779850621267112,23.569688463013883,350,0.0,0
22.28749387671952,5.130685459458425,4.914581169613609,28.082792076281898,350,0.5069988180017623,0
2184.6501442934523,5.3533376950684675,11.149855498526009,63.32120075281986,350,6.642461573195691,1
11.613805890919172,4.88221435913894,6.64295355946459,30.050925365642154,350,0.8438049930951695,0
3.826308722213184,2.9815374951129052,0.21925022806814548,55.44782230773688,390,0.0,0
73.5410425588449,5.080550534148474,4.857711850056097,23.464449763985403,330,0.1711846164610744,0
7555.942049273861,8.804764357496802,95.49913516120698,69.88328103930245,370,2.2795049672186196,1
1.8147828073773844,3.2361671246912618,0.536339438855204,36.79589895492199,350,0.0,0
94.54314317499181,4.8557287286102015,7.60169428998397,53.781614792112855,330,0.09482300130394505,0
9.262586605285339,0.25564446166615623,0.7529678990336282,13.363056595302911,390,0.0,0
7.790275804343243,0.09170519465727589,1.7424557256646924,21.0057968928124,330,0.0,0
431.48147243687407,4.559824337317299,11.338830657307744,56.557576709745796,370,4.069796305951741,1
4.956241080694921,0.21568399432164204,1.6562497980533728,11.875444147918213,310,0.0,0
5.697889275249577,2.4656040081169595,1.4616642038826049,15.351541770032595,370,0.0,0
98.34600971045876,3.765886206548081,9.135297391702474,47.97783141667699,330,0.47001752251063034,0
6.627312532837656,3.4586174859500254,0.8360465665522719,26.593210712622685,350,0.0,0
44.204821698208065,4.381011950334521,2.758374975753681,30.811643569508362,310,0.20734628450500703,0
16.73369217363099,4.219985589560259,2.4733275536697263,42.80437728516047,310,0.7880574623804607,0
8.465575696837993,2.2570559013725178,1.753181240266167,66.42774724908489,390,0.0,0
3103.665883609058,7.554934989197669,103.2690919183486,64.2172345570409,390,4.697584226272177,1
25.47465606582874,4.677305303984619,2.549539969926595,53.201204201645396,350,0.6679520914227803,0
408.50352830001344,4.653601832537759,8.253313914810233,56.95124241092336,330,4.824897592591284,1
2.5370116879544984,2.821810210530435,1.3367934545013964,3.2586611844396796,280,0.0,0
1.042671800141853,2.987719672515758,1.3018853175933758,0.22970488758503826,280,0.0,0
12085.237547926514,8.095713774685727,89.25122158747409,63.73888497903801,370,6.221540266470837,1
1.2630381973726803,0.13552910430148662,0.3482259864488344,72.94972661336158,350,0.0,0
3.6924944222906952,1.8230000554694874,0.1663400044632184,29.29736678402059,350,0.0,0
68.21221834619192,4.930465659909543,1.0710780698768787,62.697990462564235,280,0.6294995922020511,0
61.35072934991518,4.919742508874348,2.525078616464607,30.400082490208447,350,0.44697400232644147,0
8.531389729661477,1.968848422645925,1.7147312416689253,12.472103140317792,390,0.0,0
3.9653741098114286,3.2748927378931487,0.40162230237005014,20.89376672132726,370,0.0,0
1.2173880750785997,0.47267781637921147,0.261072011267265,28.934774001772013,390,0.0,0
54.637141176890665,3.6196024185450786,7.5809111373839215,64.08526857242066,330,0.7816764912073332,0
4.216818939967358,2.3416310054327125,0.9724363695516889,39.9905331783673,350,0.0,0
17957.071589890165,7.626026341746627,85.74874645822138,61.93095426929702,330,6.014585403164086,1
57.82433520077234,4.257859314910997,2.8217389052963266,55.962396293521294,280,0.28180391234213553,0
89.7940482529074,5.227927392969542,8.52764079643661,24.572694930392718,280,0.5482577811469688,0
2.0807201415333725,0.964722678791789,1.1940838753054273,45.49278542786578,280,0.0,0
1.604223612667067,1.0160823984768463,1.3029009004228074,14.654448290694102,370,0.0,0
36.090724512595834,4.001813958927497,5.280868960763679,52.205343919122654,310,0.0795307024808044,0
0.5398271602675108,1.0625392805803546,0.5646694022431591,45.39252597174185,310,0.0,0
9.441396990184757,0.6536416449899116,1.1502269837376926,68.32444102385435,350,0.0,0
5.625851554018877,0.36228593908520473,0.779436599423844,6.501175515801796,310,0.0,0
6.087395048483646,0.8952322869874763,1.4237414552445473,4.0533303426296285,280,0.0,0
5134.995366270065,6.659995718801151,92.09921124551713,69.47535599665993,370,5.477021425373257,1
2.2245826281681587,2.3202252886123067,1.1037973515796853,76.60898607373939,310,0.0,0
1.5498797503861723,3.175953153077857,1.243966869403215,51.92776094108261,350,0.0,0
8.608717114772418,0.7302586639459943,0.48126658828454316,10.59611185153635,280,0.0,0
15147.671001850289,8.799213522241491,104.02935675450568,67.16355695225401,390,2.8280521875784728,1
9.35260774134749,3.377997409700897,1.212088818712495,44.21290848829173,310,0.0,0
0.8034155119955336,0.8995700547696022,1.3583107272794441,50.01718317205325,350,0.0,0
6.399476890469099,0.09876836262064909,1.4798345242716249,52.190410715509174,280,0.0,0
2548.106863748299,6.244991525779689,11.058668914247997,70.6259009196264,410,3.961215261884613,1
75.71038538876357,5.247279492871606,5.976956082769259,42.693719576049816,330,0.9600203477877807,0
8.128741978487868,0.8704163327575274,1.6483142921988045,18.095671996362306,350,0.0,0
3855.82805812577,8.282211195267795,109.91960515809787,75.15073096218754,410,2.896481266341214,1
4536.127463156223,7.378318014223786,113.40503164322935,62.130749343990026,330,3.008611551335357,1
15.283296343044196,4.668158584490824,5.252500794523776,23.415447844521072,330,0.29540715832415443,0
0.9793665218642621,2.3262406682417667,1.6795880391777538,57.33704065417841,280,0.0,0
30302.77157544078,8.497580037262917,108.03524040482633,65.95212840413372,330,4.83059752057111,1
4.723556772459702,2.1595801855619627,1.1731738900092497,50.081672008142924,350,0.0,0
1888.2867950655907,6.119668525969861,11.731603129653012,72.80821145533034,390,3.2759950346958107,1
2.011288782919308,1.9899139926742708,1.7348163337621194,5.759661291077052,330,0.0,0
5.16243014746152,2.9132822546275032,0.5519416692333775,75.90179241641698,370,0.0,0
882.2779710459665,5.374334256334813,8.095881422111823,55.20457443767228,350,7.38025353915692,1
1.947888770618669,1.3893414331002518,0.2195670246440385,34.23309763919598,310,0.0,0
59.34691329916903,3.674570779695089,8.268322952456582,44.18636260878765,280,0.254027726153189,0
36.32307299756511,4.073927873224669,1.7225229429635052,28.77649469921232,350,0.7034059324772127,0
1.016950578966247,1.9114882269033722,1.7457238185537134,26.955818525729526,310,0.0,0
1.924159790221541,1.9372996474543385,0.46465314617915354,57.21640034577171,280,0.0,0
1.8435423853022161,1.1854347169726263,1.115961763103149,15.528135387902218,390,0.0,0
53.53429555318105,4.886354238918022,6.165829575498421,22.276748580459646,310,0.4953700730217583,0
0.8520561802850332,0.5855192994148029,0.30720318231661947,17.608125819635127,280,0.0,0
21.577395093027846,3.9818509610463275,4.000261302613793,54.99346722581214,310,0.6881478015409555,0
729.6754822876094,6.101558452456016,99.44768302489102,67.60184655342991,410,2.837312174629603,1
5.210143459548344,3.038836949419802,0.6343673370610584,12.67309707582224,310,0.0,0
7287.108073523535,8.786064305276954,85.12454530702183,71.50385937895567,370,2.7415960484651625,1
33349.71356007367,8.846492861313049,84.95479099456884,70.4094696028572,390,2.979399483633812,1
0.7724843996668173,2.608484102541003,0.7012742705889689,62.81649087545528,390,0.0,0
36.63577511886427,4.296696416887293,5.982910680682508,55.04346712379329,310,0.46980681781938927,0
3.4455092429756897,2.173226088979427,0.4051832721381199,19.75273905019722,350,0.0,0
62.435083752412865,3.8536977362141176,6.6295469387359685,33.712022148621514,350,0.4959913541352434,0
44.702348905275365,5.026648723090692,4.432509616312716,53.461617833553795,350,0.8599064452908345,0
82.88591351925974,3.913704723403031,9.648426434397456,40.54290193041326,350,0.30311635339669996,0
7.713689138576939,0.2952071305340895,1.6555334726357274,79.96144881447594,350,0.0,0
0.6568132483198179,2.1166204965345683,1.6425646101160465,64.26796267381596,310,0.0,0
6.921940304607526,0.5272846510151954,0.5695266479011379,67.24611467506223,350,0.0,0
2.3997882015236227,2.473937108461099,0.17819108009956058,3.6344603823008725,350,0.0,0
54.70273415099496,3.558819205246346,9.680874100240949,49.01886050836021,280,0.8257697299075593,0
5.024618083484431,1.519124655147106,0.17694800867339866,48.61564075347704,330,0.0,0
8.718349407334255,2.793027492096051,0.7654373734789838,36.67880085002622,310,0.0,0
4.165549654156419,0.8771310604107092,0.33588502453028873,18.472081552910176,350,0.0,0
0.7502574769516944,1.760660316896872,0.6835494579578547,39.591665151483475,330,0.0,0
10.638228349652023,3.841288718765388,8.833037590337693,44.72788463580788,280,0.04640356082916153,0
11.264959632143137,4.355212014577871,4.1029672232365355,63.83804922194432,310,0.8512213080693708,0
1.99147385435591,2.9985783955287157,1.2419010467777885,48.14071176475881,280,0.0,0
7.509537767796731,0.7883673146282744,1.3703123470598702,17.55787433824727,280,0.0,0
51.12737394268277,4.7376198579458695,7.685759987643483,25.730004777799124,310,0.24168113298478922,0
2.464675826557396,2.995897800609437,1.25605570260814,72.87083224764781,390,0.0,0
90.65320055271728,4.0727192447145955,2.8793704085688585,48.52310903091097,310,0.29254633400521,0
2815.025320081935,7.635560354010185,109.75978890779963,74.3161291869544,370,2.9522676421808205,1
8.646622159635024,2.931660524994205,1.8938187194434035,26.629340049307267,350,0.0,0
1.4971985668057155,0.010713867024325308,1.6126826414308726,19.590955878432545,370,0.0,0
0.7131969352923619,2.5959162776579165,1.1206555932213633,67.96682055714415,350,0.0,0
6.6105797106556885,1.0240810644719325,0.5287121726976822,67.78804979353494,330,0.0,0
3.057574731613817,0.9909727673562889,1.481886263292119,46.02141413312249,310,0.0,0
2.9707718837376045,3.0100227432191136,0.7555531750009679,19.961811757795118,330,0.0,0
6.849771685047214,1.283600846254859,0.18333073849404036,36.10244012527577,370,0.0,0
7.8961501570403,2.834777657990979,0.39578287453771455,5.97544960265215,390,0.0,0
8.240898599710128,3.457786251193486,1.2005829721996366,24.01984869034412,310,0.0,0
9.756572709248577,0.36447140662528826,1.6759142643100873,20.880488704207725,390,0.0,0
6.8511906782905845,0.025718486724919387,1.3502613897298146,38.32147658511381,390,0.0,0
8.361970761464363,3.4799753587054427,0.34541197259455586,34.784086763994196,370,0.0,0
6.508273220086421,2.7945126678004706,1.9194256249689263,8.727197094198935,280,0.0,0
88.93687406753867,5.02784101362926,5.534097513854213,52.69858078717535,330,0.27931878034473745,0
1.0751945000814802,1.7825510962868765,1.5914276352475378,68.34648253156745,280,0.0,0
1.4622497694202001,2.5325822326098737,1.9136789090583475,52.842557310816815,280,0.0,0
1.76541779533846,0.5244149144230709,0.3784240478646308,30.47876671215265,350,0.0,0
3.125735187329449,0.572002508478928,0.7913088839484178,50.42667096629047,370,0.0,0
54.18011659692217,4.178850497906684,8.65049258010652,43.605867497210035,280,0.3501249582931856,0
6.561279119981237,0.23506967385195093,0.2633980461064104,40.452471171217255,390,0.0,0
79.2960944337211,4.6223528423279046,6.721084229250614,37.664075310383936,350,0.6566806557530763,0
80.3678021803763,5.196913356230218,8.94378145823426,32.33094385438335,280,0.5602130709847091,0
55.86742704581546,5.19322841238103,7.210078683989969,26.551893722758912,280,0.7341880218690575,0
95.57645858616122,4.3563343828135705,5.176061777206914,31.54467552660494,330,0.8501841270408919,0
6.236361001236598,3.074101558128503,0.8865760148852101,53.27317604819946,310,0.0,0
2.5583583382201973,1.5131385355418783,0.35153205338326576,63.34638745557474,390,0.0,0
1.012471442413603,1.80550803295142,0.5669908853479545,63.057523359977864,350,0.0,0
79.46568722228827,5.469517060063755,7.1933439832805615,54.92881229419664,350,0.8253968717346473,0
2.1027235430740605,1.1507495923353614,1.3231409261789788,57.565999575668975,370,0.0,0
9.233054818453965,1.76376537550582,1.8122446965723644,26.56940146497762,350,0.0,0
3.2815079376812704,3.1580612172130964,1.9491863811855366,72.87143597839265,350,0.0,0
2.7506067779482937,3.486927720286967,1.1696199221939538,79.28238440208557,370,0.0,0
5.617505448846318,0.10934342646727435,0.598353205365748,23.625080587580072,330,0.0,0
58.96130725579885,3.534586048829566,4.5519147065160706,24.851623026368912,330,0.9454745757416672,0
1.562005002086214,2.051479343108758,0.9525898868908924,16.45336453308633,350,0.0,0
3.812905972209981,3.0729680834744655,1.562525317966234,4.609877723764528,330,0.0,0
5.383849265098577,0.32626374433611155,1.541842056492644,63.33505161418528,280,0.0,0
7.189627410097408,3.012686932341116,0.4092244666697271,64.03598498547608,280,0.0,0
1.6782476916354114,0.1017506495907895,0.36150609175150183,23.31121385567603,390,0.0,0
29.913108627706645,4.135109787775146,4.579854027240473,43.60530981585259,330,0.6121924398320113,0
1.5014725329985743,2.249554057768834,0.6863691509578961,24.754694883787955,370,0.0,0
21.50466918469052,5.127336153227097,7.22576830281983,42.7696010214887,280,0.46973822201044224,0
9.077057297357953,1.8212431508791378,0.30181315191522706,78.82367385889994,370,0.0,0
8.650811141655282,1.101449697729966,0.9193084394390865,52.57358067393359,280,0.0,0
2502.7900176502344,7.119672555864894,94.5967744431301,69.58429180900973,350,5.9909289451672745,1
4.970853292931326,0.5017252457333847,1.1612717268590225,11.773110614875542,310,0.0,0
7.040207970239351,1.2752655176646395,1.9582812067707112,76.31825458136673,370,0.0,0
3.133526379748749,1.660456157124254,1.98365629288268,54.697017036547486,390,0.0,0
4.473250207380832,1.5782034350673635,0.11151042254747828,65.55196057074627,350,0.0,0
8.852676999486318,1.7876477036198017,1.013725413144813,7.686170573768054,390,0.0,0
34.57555822108705,5.132483423496545,4.774372813692229,32.961925617386115,310,0.26630011772454476,0
44.470287873537444,5.18317719350614,9.951384961976338,33.60524129086243,330,0.44694431539287616,0
7.848358304684851,2.606461529848347,0.43448230779718566,15.382718091381946,310,0.0,0
8.941066750408213,3.364411808619329,1.7715752665156543,41.8773429304865,390,0.0,0
53.454418235035654,5.226968886594905,1.2351440455514267,51.89447666989257,280,0.6031302251782144,0
4.4636015667940026,2.3116140085865995,0.6592136521861838,45.20395570017048,310,0.0,0
2250.6778391748376,5.976664078216589,9.273305550516081,59.61208885837574,330,5.102838309113858,1
2.7842804523392433,2.2458114187713996,1.225193584401401,78.57846636525102,310,0.0,0
3.7073140557668323,2.7673575707561335,0.4399570927472546,12.821798414647319,310,0.0,0
9.336545268488116,0.29700455244227014,0.44178428293480276,2.213134472504956,330,0.0,0
3.8746438260884988,1.8667550563014539,0.15668100522467165,30.765125370473623,280,0.0,0
8.759929559410333,1.2251512783054257,1.7010335572740163,27.762476744287223,310,0.0,0
44.08156970182631,4.321859055057313,7.0628098295459365,26.109680703012955,310,0.5392669612444156,0
1.8965179863214952,2.793741446901078,1.7334491228961915,1.8015073596197428,370,0.0,0
8.622906097928261,1.9145567987221674,0.4203756474799789,30.559084719886478,330,0.0,0
4.629833715407948,0.38379564717094394,1.3542235043758584,54.937935964644105,330,0.0,0
97.32535572498284,5.38214834049338,4.19314246515444,36.164660870654565,310,0.5699849419396911,0
1.7691270634959237,2.995868780847887,0.6185856423723102,41.55008937531019,310,0.0,0
2.6002216293648126,2.388959277013749,1.4371626347554944,48.966580392151684,310,0.0,0
28.827347201561118,4.047377437917169,5.069078131846111,57.212966872810995,280,0.03328156987965081,0
7.844382922816464,0.014011068549726835,1.9799358227295152,10.694441884138683,350,0.0,0
9.650986049860837,0.6455608631039444,0.4682059642675841,57.24351976939857,350,0.0,0
34851.69465557414,9.0,102.23877712113793,83.39069730881714,410,1.2831917771375494,1
6.866856401934569,0.6456505446268708,0.24002208106284614,76.00275705633078,370,0.0,0
58.52089919671987,4.811764103725801,3.892961196861145,61.56548182956127,350,0.9610204085844203,0
22.57209335564231,4.4156843869867535,4.205554942918688,58.707657035712515,350,0.09307716135256283,0
5.041349684270132,2.1996682057172134,0.6631362287067234,34.138383966153,350,0.0,0
3.422355404217952,3.2283635089847067,1.056001816795538,5.587087399480257,350,0.0,0
7.649874755177005,3.3565923440435483,1.2673661770222082,73.5821932289819,280,0.0,0
2.22300769441755,1.19940863132241,1.8809846109996906,51.205813567446285,310,0.0,0
5.641565979507128,2.7935890198905824,0.40223633417225424,76.16401767733633,390,0.0,0
9.283214703821073,0.20051761352800046,1.3938365402378021,24.832132722405493,350,0.0,0
1394.9183549663996,5.836129968529374,11.19004334272301,71.39173866234324,370,4.548671802366102,1
14981.130001593112,8.394125777178097,96.66438532276591,65.016607076748,370,3.725529127481756,1
1.4251693476390634,2.0513828437002823,0.19800113436849867,6.007150450655274,330,0.0,0
2993.935331233117,7.4885840453515335,10.65145685105433,69.5562325704697,350,4.849616858624055,1
7.771061210949803,1.400232947462566,1.9624647880243002,39.865905929767244,280,0.0,0
1183.714579266835,5.170341193658519,119.14536575601755,64.98639546876315,390,5.941769457091476,1
5.617065931081907,2.2868831982759263,0.6510909050698276,9.852846869831158,390,0.0,0
1365.4193440796175,6.391837709910053,88.00733722339439,73.80034935407892,390,6.34962550481174,1
4148.740591770955,7.938805354207038,93.78563546046472,65.5700178188145,350,3.3395999475454152,1
1.0245467258686236,1.6772791451114215,1.7002602710502055,71.78269340264812,390,0.0,0
20.10222279646127,3.639728851949622,7.282870375144706,26.953170510542925,330,0.7460486256706017,0
2.4544396931404893,2.081668762162863,0.5340292962631115,10.25298165165684,280,0.0,0
0.41940594382074203,1.9331646258424482,0.30761521546223536,56.62602433358701,370,0.0,0
9.619318436037982,0.06797975820559149,1.3579677096883225,13.343777105904193,390,0.0,0
1.5361588997993771,0.4734867497891647,1.7726742758243488,76.37639295248253,330,0.0,0
0.37726459525352285,1.7428864557253296,0.20217194818025536,36.905260138482376,370,0.0,0
6.916409898043886,0.593939262846529,0.47654015856342113,36.58706665226611,370,0.0,0
1.5694264837537946,0.5373490291562069,1.7618072825015851,23.869919253210618,330,0.0,0
1.68631973416166,2.241312534711828,0.2031530667210339,34.19391599046352,370,0.0,0
0.5652402748443248,0.0727538856654455,0.17758763494957416,19.22276506863879,370,0.0,0
3.903907578865038,0.24089595360685995,0.10309861049674326,42.90484975399664,370,0.0,0
1558.4555503251977,7.07243051403385,9.86394061192491,60.22631775513123,370,4.598489433024133,1
6912.044425667663,8.557032152341279,111.35592836425654,69.64313540327387,350,5.6280407693320695,1
9.144070756666869,3.3838695732878166,1.9291183191277457,69.53662486643957,390,0.0,0
7.350344721577343,0.6223506241593998,1.4098228619732813,49.30058332819957,330,0.0,0
3.5806158925399445,2.993073812694748,1.4933552118903666,13.193232688689083,280,0.0,0
1630.3619881358222,6.3552178341212,93.9544260818559,74.1675175016361,370,5.933018526276686,1
4747.095977256104,6.561818930063,108.79130140086184,65.08934151751355,350,5.814172653819017,1
4.040953134054829,0.6176104951425734,0.44476346507273723,53.39431804675701,330,0.0,0
782.3267546743674,6.1535398256936436,97.94918028805002,68.92918176697074,370,3.9511912916567993,1
2.2082859371670893,2.137885926630894,1.4376613189265044,17.68177551553346,350,0.0,0
1.2664366698252523,3.4617727726479024,1.0689789660725426,70.79325305475855,390,0.0,0
6.119148274727273,3.247467656397349,0.3290971379303753,12.361176652491794,390,0.0,0
5081.320082331092,8.498828610954805,88.95782662375834,66.86892413563454,390,3.5008661734637765,1
44.823853330044116,5.2696951845287625,7.343131083516474,31.080585920766843,280,0.9848229439006858,0
4.0619092720384,1.5341070829507075,1.1066211607241951,63.82596190613032,310,0.0,0
65.31513940046557,3.706277705460545,4.80234634145906,32.264969289381234,330,0.36065615372338644,0
2938.3582918756247,7.395234653758894,109.88303202519545,63.715432084063615,350,3.377672840951278,1
80.3468006139523,4.888434119375983,8.500263844027671,37.65723346231917,330,0.10919474727273737,0
3.6335380856033344,1.0887234228660647,0.40232371947189827,40.47360107398915,310,0.0,0
7.407615006470938,0.022136265339073757,0.6596437722009857,57.029737757360735,330,0.0,0
63.68361568346769,4.266899358438826,9.33127540092626,64.64576703533288,310,0.787745163103155,0
5.884090088577322,0.413457975976759,0.46621149250241634,67.58141947699004,390,0.0,0
1.4926184733460983,1.2297238915124242,0.3129885416102019,45.01624424348023,280,0.0,0
33.61762289958861,4.7926324522578625,8.773475679172769,28.0382878525809,330,0.7096004594987196,0
2.5482956605352762,1.4825487190317521,1.3462393777503732,65.50751079539529,370,0.0,0
3716.9325867520733,8.066825754701464,103.71826524598464,75.27967772223182,390,2.2752179604580998,1
4.121345317210607,1.4430875440003215,0.7120014020277989,34.463753979524455,350,0.0,0
1523.456550763602,5.890062590156529,11.994438060047663,64.9259082323091,370,3.307927165155253,1
15919.89122244981,6.63110869302622,8.65148600221822,56.84562073393677,290,4.678955508417806,1
90.27058299384618,4.298445450404988,8.559056600688695,61.92660198530554,330,0.5961736506619755,0
1.091694994182657,0.7902245280289861,1.0571370417575625,21.80548726678242,280,0.0,0
0.34700848183638927,0.11763489215187822,0.8068071377673519,76.04707072392746,370,0.0,0
8.216338954395491,1.405945714258687,1.827672499716514,20.84554531403807,390,0.0,0
6.4513205167588605,1.826990854660076,1.08574707339222,17.815281516742914,350,0.0,0
91.83835376589015,4.745701898861096,9.447455496061897,21.74895359911497,310,0.17742954638101083,0
4.330474595534842,2.142781819647055,1.885097575961388,12.215495479982152,390,0.0,0
3.114759157156478,1.1783478265908032,0.44544936055516615,77.39306509586899,310,0.0,0
1.79563442916431,2.0646246155183317,0.6140252945022904,21.39059910358066,350,0.0,0
0.42277294404393284,2.8360196942397407,0.3285428587965773,54.18837032920868,390,0.0,0
0.8916965665905423,2.339730016135227,1.1443042403171693,67.6840397742786,350,0.0,0
3.790079581406502,0.22847032067530948,1.5036428977743699,27.926608599189606,330,0.0,0
57.777727706991136,3.8040718153891415,7.5497975096789105,61.144743092929076,350,0.6768742336728105,0
4.6354295906044936,1.3022744403060889,0.20524491725906552,26.760460795253664,370,0.0,0
2161.391841024675,5.992042005528055,11.997687636896753,60.16459402635641,350,5.190398173921728,1
4767.084005272527,7.246789611349026,90.49842063691459,59.36813150533779,410,6.245515864822972,1
8.225674805388353,0.29027678003860563,1.2299350766434405,24.709020393220875,390,0.0,0
1.4374114296362073,1.5374522163367215,0.19246816419758653,42.75351617934768,350,0.0,0
5.070894940096042,3.2890208680798003,0.7956970988245977,21.033125770307535,350,0.0,0
0.13543919889242118,1.701554082205673,0.2921721053224459,10.862866050127504,310,0.0,0
82.96064211372568,3.502184148624684,4.0052219840272265,25.75165411649602,330,0.3355576973748593,0
2.7519848129129003,3.4938958292535354,1.5923436424349242,34.64969659890505,370,0.0,0
2907.14648760077,7.921057197295192,100.14531700732397,65.20275114740569,350,5.599740821527673,1
9.077371646757912,1.7807759857071845,0.8821242020866746,44.76075019783685,350,0.0,0
4.240451822397891,0.27390652689249567,0.6447148483684432,2.644736043609175,370,0.0,0
6.083115641295483,3.0763910533526007,0.9257596854006914,77.4920378701781,370,0.0,0
3.924706189368963,2.8006998006277612,0.4822885464391583,6.283597106596579,350,0.0,0
2.8165417740632903,0.5548551019181043,0.9288683897978134,1.1547842223217675,390,0.0,0
923.8363525348319,5.065077910630706,9.081367152797311,51.60588312584919,330,7.5498158067626555,1
7635.863616953667,8.23393948586534,82.33210966756265,65.81383892021996,330,4.587187515533367,1
2136.4189242730545,7.8666088321536725,109.8427191583746,77.85705170858363,370,2.431849580862532,1
5.721678554197949,1.5475199511257336,0.7193308452807299,19.485484464444546,370,0.0,0
9.19115034405137,2.671939528064028,1.0702552003058043,1.500046938902333,330,0.0,0
1.4846348174535855,3.450486201548147,0.7532322515683162,37.21978685070633,280,0.0,0
21942.599804157693,7.482366683104533,11.811996531071927,50.71822140502884,310,4.608933052952066,1
6.518960057174349,2.2340045836939026,1.4221696596337234,67.09097078309162,390,0.0,0
6132.83437557105,8.20236336479523,92.2382649660261,68.79219568941896,350,5.713228568184751,1
3.677463019470633,0.3800529173754358,0.24734818109678608,53.675141993729206,390,0.0,0
55.623092465602895,5.389908272221445,4.797400198176447,26.178222659437942,350,0.6238646423554166,0
9.450261134886075,2.5204915664820753,1.9274499086605308,71.39016831652535,370,0.0,0
5.486799312774888,0.43406935358463417,0.143042576645081,12.073580426351311,330,0.0,0
1.0940634983733255,3.0625816157088392,1.8659311106876284,24.91099493360359,280,0.0,0
0.4037489271151178,2.6543029680949,1.5728635077315671,4.693370586603285,350,0.0,0
4.734294385110832,2.4164283807263325,0.27586198360283243,22.772034649824697,330,0.0,0
13.280018336899802,5.146659971713419,4.574255017596386,27.287135902027533,310,0.030505076690639177,0
9.62628773588268,0.141511759875513,0.5015456071977586,14.651227667982418,390,0.0,0
72.47469706524595,3.981885347788356,8.161793081081273,31.34919300466194,330,0.06988036348177207,0
4.873731115180933,3.0125667665270437,1.0625611655437217,50.96867305425909,330,0.0,0
7.343888754881881,0.13979673780264223,0.29588899316208894,12.536676502848652,370,0.0,0
3805.3724054744357,6.667489923146758,106.22070953372209,66.62909714210096,350,4.039532890685384,1
13.260509820515495,4.810579230528774,2.914343249180118,43.91043973716377,310,0.15990719972617584,0
8.060510075408803,0.7696151495727157,1.3364816875908712,74.51991515797542,390,0.0,0
6.880101200599398,0.25799224189078146,1.8406502070290511,76.78510663495017,310,0.0,0
2.0094093275176403,0.09173274792083097,1.6987205171733644,65.95874169914629,350,0.0,0
10.309891207930447,4.9063708298113085,6.470721215649018,50.869957716731605,330,0.2584934739014305,0
3.7097728092221725,0.4840045052293749,1.9803511436763133,59.95821032980717,310,0.0,0
0.5406495764885092,2.4317940893706633,0.3217370141898329,5.970370493544941,280,0.0,0
8.868340100804373,1.7342196944403883,0.8821458207464985,10.66089155448247,370,0.0,0
37.95284564233188,4.700058883485896,9.518993992164292,27.178577025319072,310,0.6639572451074426,0
0.1381626345350996,0.892561119461994,0.8482860367515422,36.26554951824055,310,0.0,0
0.5937214352278327,2.353538502758766,1.34543360026204,19.822353155175563,350,0.0,0
629.147793219508,4.801764866696931,11.611956613624548,55.45114745709279,330,4.674951487575553,1
7277.2038227770945,8.719462955950936,97.28372159100415,69.27308840702443,330,5.168195937825471,1
4.471110848452933,0.24909087891762793,0.6998241210925669,35.89364961239071,280,0.0,0
5.8247890619963,1.822697127857091,1.715819250524096,30.04477139660065,390,0.0,0
5.327196822144116,0.41571993083452446,0.8127159408435833,44.27185660943113,370,0.0,0
3091.350025971813,7.697666982254639,91.65317814233863,72.29391354026288,370,3.521092045459734,1
5.810288124961436,1.539486552070756,0.4603281249414368,35.60282366652256,330,0.0,0
1.7527198416887906,1.1312255132247402,0.482767468269954,65.09426965451685,370,0.0,0
6.108472306142567,0.7982779278474577,0.12654816689507886,70.3390575119982,330,0.0,0
0.26152556584233877,0.3309437273218869,0.1204320634400485,38.660998567073364,310,0.0,0
6.868341316430506,2.7575098321185454,0.28358843284099045,21.867172575361018,390,0.0,0
3.0392640771133768,1.536841464558316,1.2811699837790413,44.53358852438861,390,0.0,0
3415.554769272876,8.350520878921358,97.85129354321766,66.27867786552834,370,4.518682200044775,1
2.1750628072060243,3.00712467543914,0.49658107853022504,3.646452293403568,350,0.0,0
5.958237538174374,1.5727387936159622,1.7805464813985517,58.53184721687455,330,0.0,0
68.19601934906763,3.871456885979096,6.464225755189081,49.224699774614976,310,0.1601774916667501,0
23522.120602192077,8.062170733737572,84.0757662925818,66.52922126563999,330,4.025464128600222,1
42.87876134314881,4.871975313149035,1.5662863530944273,38.47236781794447,350,0.9975431482220869,0
9.416515446400961,1.7903589782317662,1.7689274666551014,3.0580356226192595,330,0.0,0
4.326919158854755,0.8434200609209106,0.10707846534747939,67.88923970325095,310,0.0,0
1.9661111457302252,1.4166194076600287,1.8628926143581122,65.65886291399843,370,0.0,0
2235.1242295651673,7.408783109428697,88.70514106787849,65.88306248409009,350,4.634081822634476,1
3.5466834303325823,2.3081354625191732,0.30930513250131425,64.4976464619864,370,0.0,0
2568.697428609195,7.2604216851846175,98.90223933347428,67.99194225422224,330,5.855941216331648,1
3.2404578785218607,1.1129457661577937,1.9170458861394941,53.558415057042275,330,0.0,0
5.958989125420795,2.7843382038176827,1.7267706199819917,70.67049456732181,310,0.0,0
34349.309943987304,8.498743370066764,91.8544822804466,64.07941951131282,350,3.2736425560592526,1
98.987615490502,4.509829474341284,7.193130517865695,47.385336034955664,280,0.2571971809245863,0
8.796744401740016,0.7257366655925952,1.0271547132770296,36.1797033665228,390,0.0,0
36.12962655971445,4.677533399240437,7.574750160156616,31.71425850461445,310,0.13487606837923127,0
9.46743323505147,0.7080801659473436,0.5062544941052386,4.746493257997395,330,0.0,0
7.428339286837314,0.9232511476151836,0.33874128299124406,55.34875791778657,330,0.0,0
4.747577297968788,2.761686478625013,1.2443222251608066,19.745031250335554,280,0.0,0
4.520683575878282,0.7391780201017031,0.9400019596558822,42.295269608167146,280,0.0,0
8.56792981327306,2.8405886060883203,1.3601522541700475,27.122555351799058,390,0.0,0
7.528754870326793,1.7335521573504469,0.9649376605371989,12.541920651827985,370,0.0,0
